﻿<?xml version="1.0" encoding="utf-8" ?>
<RFileCMArchives>
  <RFile FileName="ZAPL,ZSCB" LetterType="ZAPLPC" FieldName="Field1"/>
  <RFile FileName="" LetterType="ZAPL2" FieldName="Field1"/>
  <RFile FileName="" LetterType="ZAPL1" FieldName="Field1"/>
  <RFile FileName="" LetterType="ZLAP" FieldName="Field8"/>
  <RFile FileName="ZFUS" LetterType="ZFULCFM" FieldName="Field1"/>
  <RFile FileName="" LetterType="ZFSURLET1" FieldName="Field1"/>
  <RFile FileName="ZRIT" LetterType="HRSTLET" FieldName="Field1"/>
  <RFile FileName="ZBFC" LetterType="HBILCHG" FieldName="Field1"/>
  <RFile FileName="ZCFL" LetterType="ZCFMLET" FieldName="Field5"/>
  <RFile FileName="" LetterType="ZBONUSUR" FieldName="Field1"/>
  <RFile FileName="TU" LetterType="ZREDUL" FieldName="Field2"/>
  <RFile FileName="" LetterType="ZLAPUL" FieldName="Field2"/>
  <RFile FileName="ZPRU" LetterType="ZPRUCASH" FieldName="Field1"/>
  <RFile FileName="ZMAN" LetterType="ZMANDL" FieldName="Field8"/>
  <RFile FileName="ZEXN" LetterType="ZEXPLT" FieldName="Field7"/>
  <RFile FileName="" LetterType="ZAFCLT" FieldName="Field3"/>
  <RFile FileName="" LetterType="ZEUCASH" FieldName="Field1"/>
  <RFile FileName="ZAD2" LetterType="ZADDR02" FieldName="Field2"/>
  <RFile FileName="ZRIU" LetterType="ZRINUL" FieldName="Field3"/>
  <RFile FileName="ZRBS" LetterType="ZRINVLRB" FieldName="Field1"/>
  <RFile FileName="ZRRD" LetterType="ZRINVLRR" FieldName="Field1"/>
  <RFile FileName="ZBNE" LetterType="ZBNCLET3" FieldName="Field1"/>
  <RFile FileName="ZBNC" LetterType="ZBNCLET1" FieldName="Field10"/>
  <RFile FileName="" LetterType="ZMASWDB" FieldName="Field1"/>
  <RFile FileName="ZCMJ" LetterType="ZCMJLET" FieldName="Field1"/>
  <RFile FileName="" LetterType="ULSTMTNB" FieldName="Field1"/>
  <RFile FileName="" LetterType="ULSTMTPS" FieldName="Field1"/>
  <RFile FileName="" LetterType="ZPRMREDL" FieldName="Field1"/>
  <RFile FileName="EV,LB,LR,VB,VR" LetterType="ZVLAVL" FieldName="Field2"/>
  <RFile FileName="TV" LetterType="ZVRDVL" FieldName="Field1"/>
  <RFile FileName="TR" LetterType="ZVRDVLR" FieldName="Field1"/>
  <RFile FileName="HU" LetterType="ZPHLUL" FieldName="Field2"/>
  <RFile FileName="NU" LetterType="ZUPHUL" FieldName="Field2"/>
  <RFile FileName="" LetterType="ZURDUL" FieldName="Field1"/>
  <RFile FileName="ZAUP" LetterType="ZAUPPC" FieldName="Field1"/>
  <RFile FileName="" LetterType="ZEXCCAL" FieldName="Field37"/>
  <RFile FileName="" LetterType="ZEXCRAT" FieldName="Field37"/>
  <RFile FileName="" LetterType="ZELT" FieldName="Field1"/>


  <RFile FileName="A1,AP" LetterType="ZAPS1" FieldName="Field2"/>
  <RFile FileName="LU" LetterType="ZICLUL" FieldName="Field2"/>
  <RFile FileName="ZSU3" LetterType="ZFSURVL3" FieldName="Field1"/>
  <RFile FileName="ZSUF" LetterType="ZFSUFLX" FieldName="Field1"/>
  <RFile FileName="ZSIG" LetterType="ZSIGIND" FieldName="Field1"/>
  <RFile FileName="ZPRE" LetterType="ZPREMLT" FieldName="Field2"/>
  <RFile FileName="ZLNS" LetterType="ZLNSTATE" FieldName="Field2"/>
  <RFile FileName="ZPUS" LetterType="ZPUSLET" FieldName="Field2"/> <!--Haven't Policy No-->
  <RFile FileName="" LetterType="FCNBENT" FieldName="Field1"/>
  <RFile FileName="" LetterType="FCNBIND" FieldName="Field1"/>
  <RFile FileName="" LetterType="FCPSENT1" FieldName="Field1"/>
  <RFile FileName="" LetterType="FCPSENT2" FieldName="Field1"/>
  <RFile FileName="" LetterType="FCPSENT3" FieldName="Field1"/>
  <RFile FileName="" LetterType="FCPSENT4" FieldName="Field1"/>
  <RFile FileName="" LetterType="FCPSINT1" FieldName="Field1"/>
  <RFile FileName="ZUST" LetterType="FCPSINT2" FieldName="Field1"/>
  <RFile FileName="" LetterType="FCPSINT3" FieldName="Field1"/>
  <RFile FileName="" LetterType="FCPSINT4" FieldName="Field1"/>
  <RFile FileName="TX" LetterType="ZRED1" FieldName="Field7"/>
  <RFile FileName="AT" LetterType="ZRED2" FieldName="Field7"/>
  <RFile FileName="" LetterType="ZRED3" FieldName="Field1"/>
  <RFile FileName="HV" LetterType="ZPHLVL" FieldName="Field1"/>
  <RFile FileName="NV" LetterType="ZUPHVL" FieldName="Field1"/>
  <RFile FileName="UL" LetterType="ZAPSUL" FieldName="Field2"/>
  <RFile FileName="VF" LetterType="ZAPSVL2" FieldName="Field2"/>
  <RFile FileName="VP" LetterType="ZAPSVL" FieldName="Field2"/>
  <RFile FileName="ZEMA" LetterType="ZEMAIADD" FieldName="Field1"/>
  <RFile FileName="ZPRL" LetterType="ZPREMST" FieldName="Field1"/>
  <RFile FileName="ZPSU" LetterType="ZPREMULP" FieldName="Field1"/>


  
</RFileCMArchives>