﻿<?xml version="1.0" encoding="utf-8" ?>
<RFileMetaDatas>
  <!--<RFile FileName="TERL" LetterType="ZTERLETTER" Unicode="0" PrintBothSlide="0" PruConnect="0"/>
  <RFile FileName="ZPS1" LetterType="ZINHECON" Unicode="1" PrintBothSlide="0" PruConnect="0"/>
  <RFile FileName="ZPS2" LetterType="ZREDATIN" Unicode="1" PrintBothSlide="0" PruConnect="0"/>
  <RFile FileName="PCI" LetterType="ZPCILT" Unicode="1" PrintBothSlide="1" PruConnect="0"/>
  <RFile FileName="PCI" LetterType="ZVPCLT" Unicode="1" PrintBothSlide="1" PruConnect="0"/>
  <RFile FileName="PCI" LetterType="ZUNILT" Unicode="1" PrintBothSlide="1" PruConnect="0"/>
  <RFile FileName="ZCRD" LetterType="ZCRDDB" Unicode="1" PrintBothSlide="0" PruConnect="0"/>
  <RFile FileName="ZRC" LetterType="ZNOFFRCP" Unicode="1" PrintBothSlide="0" PruConnect="0"/>
  <RFile FileName="ZRC" LetterType="ZNOFFRCC" Unicode="1" PrintBothSlide="0" PruConnect="0"/>
  <RFile FileName="DL" LetterType="ZMANDL" Unicode="1" PrintBothSlide="0" PruConnect="0"/>
  <RFile FileName="DL" LetterType="ZDCLNLT" Unicode="1" PrintBothSlide="0" PruConnect="0"/>
  <RFile FileName="APS" LetterType="ZAPSVL2" Unicode="1" PrintBothSlide="0" PruConnect="0"/>
  <RFile FileName="ZBNC" LetterType="ZBNCLET1" Unicode="1" PrintBothSlide="0" PruConnect="0"/>
  <RFile FileName="UWA" LetterType="ZEXCRAT" Unicode="0" PrintBothSlide="0" PruConnect="1"/>
  <RFile FileName="VF" LetterType="ZAPSVL2" Unicode="1" PrintBothSlide="1" PruConnect="0"/>
  <RFile FileName="VF" LetterType="ZAPSVL" Unicode="1" PrintBothSlide="1" PruConnect="0"/>
  <RFile FileName="VP" LetterType="ZAPSUL" Unicode="1" PrintBothSlide="1" PruConnect="0"/>-->

  <RFile FileName="TERL" LetterType="ZTERLETTER" Unicode="0" PrintBothSlide="0" PruConnect="0"/>
  <RFile FileName="ZPS1" LetterType="ZINHECON" Unicode="1" PrintBothSlide="0" PruConnect="0"/>
  <RFile FileName="ZPS2" LetterType="ZREDATIN" Unicode="1" PrintBothSlide="0" PruConnect="0"/>
  <RFile FileName="PCI" LetterType="ZPCILT" Unicode="1" PrintBothSlide="1" PruConnect="0"/>
  <RFile FileName="PCI" LetterType="ZVPCLT" Unicode="1" PrintBothSlide="1" PruConnect="0"/>
  <RFile FileName="PCI" LetterType="ZUNILT" Unicode="1" PrintBothSlide="1" PruConnect="0"/>
  <RFile FileName="ZCRD" LetterType="ZCRDDB" Unicode="1" PrintBothSlide="0" PruConnect="0"/>
  <RFile FileName="ZRC" LetterType="ZNOFFRCP" Unicode="1" PrintBothSlide="0" PruConnect="0"/>
  <RFile FileName="ZRC" LetterType="ZNOFFRCC" Unicode="1" PrintBothSlide="0" PruConnect="0"/>
  <RFile FileName="DL" LetterType="ZMANDL" Unicode="1" PrintBothSlide="0" PruConnect="0"/>
  <RFile FileName="DL" LetterType="ZDCLNLT" Unicode="1" PrintBothSlide="0" PruConnect="0"/>
  <RFile FileName="APS" LetterType="ZAPSVL2" Unicode="1" PrintBothSlide="0" PruConnect="0"/>
  <RFile FileName="ZBNC" LetterType="ZBNCLET1" Unicode="1" PrintBothSlide="0" PruConnect="0"/>
  <RFile FileName="UWA" LetterType="ZEXCRAT" Unicode="0" PrintBothSlide="0" PruConnect="1"/>
  <RFile FileName="VF" LetterType="ZAPSVL2" Unicode="1" PrintBothSlide="0" PruConnect="0"/>
  <RFile FileName="VF" LetterType="ZAPSVL" Unicode="1" PrintBothSlide="0" PruConnect="0"/>
  <RFile FileName="VP" LetterType="ZAPSUL" Unicode="1" PrintBothSlide="0" PruConnect="0"/>
  <RFile FileName="ZPAC" LetterType="ZPACKN" Unicode="1" PrintBothSlide="1" PruConnect="0"/>
  <RFile FileName="ZPAU" LetterType="ZPACKNUL" Unicode="1" PrintBothSlide="1" PruConnect="0"/>
  <RFile FileName="PKC" LetterType="ZPACKNC" Unicode="1" PrintBothSlide="1" PruConnect="0"/>
  <RFile FileName="ZST5" LetterType="VL34DLNB" Unicode="1" PrintBothSlide="0" PruConnect="0"/>
  <RFile FileName="ZST3" LetterType="VLSTMTNB" Unicode="1" PrintBothSlide="0" PruConnect="0"/>
  <RFile FileName="ZST1" LetterType="ULSTMTNB" Unicode="1" PrintBothSlide="0" PruConnect="0"/>
  <RFile FileName="ZVPS" LetterType="ZVIPPS" Unicode="1" PrintBothSlide="0" PruConnect="0"/>
  <RFile FileName="ZWLC" LetterType="ZWLCLET" Unicode="1" PrintBothSlide="0" PruConnect="0"/>
  <RFile FileName="ZWLU" LetterType="ZWLCLETU" Unicode="1" PrintBothSlide="0" PruConnect="0"/>
  <RFile FileName="UWC" LetterType="ZEXCCAL" Unicode="1" PrintBothSlide="1" PruConnect="0"/>
  <RFile FileName="UWA" LetterType="ZEXCRAT" Unicode="1" PrintBothSlide="1" PruConnect="0"/>

  <RFile FileName="NPO" LetterType="ZNTUPOLT" Unicode="1" PrintBothSlide="0" PruConnect="0"/>
  <RFile FileName="NTD" LetterType="ZNTUDCLT" Unicode="1" PrintBothSlide="0" PruConnect="0"/>
  <RFile FileName="NTR" LetterType="ZNTURQLT" Unicode="1" PrintBothSlide="0" PruConnect="0"/>
  <RFile FileName="NTF" LetterType="ZNTURFLT" Unicode="1" PrintBothSlide="0" PruConnect="0"/>
  <RFile FileName="NTT" LetterType="ZBENTTLT" Unicode="1" PrintBothSlide="0" PruConnect="0"/>
  <RFile FileName="NTK" LetterType="ZBENKHLT" Unicode="1" PrintBothSlide="0" PruConnect="0"/>

  <RFile FileName="PSIL" LetterType="ZULPASUR" Unicode="0" PrintBothSlide="0" PruConnect="0"/>
  <RFile FileName="ZRDI" LetterType="ZPRMREDL" Unicode="1" PrintBothSlide="0" PruConnect="0"/>
  <RFile FileName="ZST2" LetterType="ULSTMTPS" Unicode="1" PrintBothSlide="0" PruConnect="0"/>
  <RFile FileName="ZCMJ" LetterType="ZCMJLET" Unicode="1" PrintBothSlide="0" PruConnect="0"/>
  <RFile FileName="ZPUS" LetterType="ZPUSLET" Unicode="1" PrintBothSlide="0" PruConnect="0"/>
  <RFile FileName="ZPAR" LetterType="ZPARLET" Unicode="1" PrintBothSlide="0" PruConnect="0"/>
  <RFile FileName="ZSIG" LetterType="ZSIGIND" Unicode="1" PrintBothSlide="0" PruConnect="0"/>
  <RFile FileName="ZFUS" LetterType="ZFULCFM" Unicode="1" PrintBothSlide="0" PruConnect="0"/>
  <RFile FileName="ZCFL" LetterType="ZCFMLET" Unicode="1" PrintBothSlide="0" PruConnect="0"/>
  <RFile FileName="ZBNC" LetterType="ZBNCLET1" Unicode="1" PrintBothSlide="0" PruConnect="0"/>
  <RFile FileName="ZBNE" LetterType="ZBNCLET3" Unicode="1" PrintBothSlide="0" PruConnect="0"/>
  <RFile FileName="ZRBS" LetterType="ZRINVLRB" Unicode="1" PrintBothSlide="0" PruConnect="0"/>
  <RFile FileName="ZRIT" LetterType="HRSTLET" Unicode="1" PrintBothSlide="0" PruConnect="0"/>
  <RFile FileName="ZRIU" LetterType="ZRINUL" Unicode="1" PrintBothSlide="0" PruConnect="0"/>
  <RFile FileName="ZRRD" LetterType="ZRINVLRR" Unicode="1" PrintBothSlide="0" PruConnect="0"/>
  <RFile FileName="ZAD2" LetterType="ZADDR02" Unicode="1" PrintBothSlide="0" PruConnect="0"/>
  <RFile FileName="ZEMA" LetterType="ZEMAIADD" Unicode="1" PrintBothSlide="0" PruConnect="0"/>
  <RFile FileName="ZBFC" LetterType="HBILCHG" Unicode="1" PrintBothSlide="0" PruConnect="0"/>
  <RFile FileName="AFC" LetterType="ZAFCLT" Unicode="1" PrintBothSlide="0" PruConnect="0"/>

  <RFile FileName="NTP" LetterType="ZNTP" Unicode="1" PrintBothSlide="0" PruConnect="0"/>
  <RFile FileName="NTW" LetterType="ZNTUWDLT" Unicode="1" PrintBothSlide="0" PruConnect="0"/>
</RFileMetaDatas>