﻿<?xml version="1.0" encoding="utf-8"?>
<Proposals>
  <Proposal>
    <ContractType>EU3</ContractType>
    <PolOwner>58963772</PolOwner>
    <IncomeRange>01</IncomeRange>
    <IncomeAmount>1231231</IncomeAmount>
    <RiskCommDate>12/12/2013</RiskCommDate>
    <PropDate>12/12/2013</PropDate>
    <BillingFrequency>01</BillingFrequency>
    <MethodOfPayment>C</MethodOfPayment>
    <TempRcptNo>12343333</TempRcptNo>
    <TemporaryReceiptDate>12/12/2013</TemporaryReceiptDate>
    <SoldUnit>D02</SoldUnit>
    <PropNum>232323232</PropNum>
    <DespatchAddress>58963772</DespatchAddress>
    <SumAssured>10000000</SumAssured>
    <Option></Option> <!-- day la -->
    <PremiumTerm>10</PremiumTerm>
    <PolicyTerm>10</PolicyTerm>
    <Agencies>
      <Agency>
        <Number>60000069</Number>
        <Commission>50</Commission>
        <Bonus>50</Bonus>
      </Agency>
      <Agency>
        <Number>60000068</Number>
        <Commission>50</Commission>
        <Bonus>50</Bonus>
      </Agency>
    </Agencies>
    <Bens>
      <Ben>
        <Number>57278249</Number>
        <Relationship>CH</Relationship>
        <Rate>50</Rate>
        <EffectiveDate>12/12/2013</EffectiveDate>
      </Ben>
      <Ben>
        <Number>57185669</Number>
        <Relationship>CH</Relationship>
        <Rate>50</Rate>
        <EffectiveDate>12/12/2013</EffectiveDate>
      </Ben>
    </Bens>
    <Receipts>
      <ReceiptNum>0231234</ReceiptNum>
    </Receipts>
    <Las>
      <La>
        <Life>01</Life>
        <LaNum>20987899</LaNum>
        <Height></Height>
        <Weight></Weight>
        <Smoke>S</Smoke>
        <Occrate>1</Occrate>
        <Riders>
          <Rider>
            <RiderNum>01</RiderNum>
            <RiderCode>ADD1</RiderCode>
            <RiderSA>1000000</RiderSA>
            <RiderPolicyTerm>10</RiderPolicyTerm>
            <RiderPremiumTerm></RiderPremiumTerm>
            <RiderOption></RiderOption>
            <RiderRate></RiderRate>
          </Rider>
        </Riders>
      </La>
    </Las>
  </Proposal>
</Proposals>
