﻿<?xml version="1.0" encoding="utf-8"?>
<Proposals>
  <Proposal>
    <PropNum>123654657</PropNum>    
    <ContractType>CM1</ContractType>
    <PolOwner>59947263</PolOwner>
    <IncomeRange>05</IncomeRange>
    <IncomeAmount>20012013</IncomeAmount>
    <RiskCommDate>20/11/2013</RiskCommDate>
    <PropDate>20/11/2013</PropDate>
    <BillingFrequency>01</BillingFrequency>
    <MethodOfPayment>C</MethodOfPayment>
    <TempRcptNo>12343333</TempRcptNo>
    <TemporaryReceiptDate>20/11/2013</TemporaryReceiptDate>
    <SoldUnit>D02</SoldUnit>
    <DespatchAddress>55882334</DespatchAddress>
    <SumAssured>500000000</SumAssured>
    <Option></Option>
    <PremiumTerm>10</PremiumTerm>
    <PolicyTerm>15</PolicyTerm>
    <Agencies>
      <Agency>
        <Number>60000069</Number>
        <Commission>100</Commission>
        <Bonus>100</Bonus>
      </Agency>
    </Agencies>
    <Bens>
      <Ben>
        <Number>57278249</Number>
        <Relationship>CH</Relationship>
        <Rate>100</Rate>
        <EffectiveDate>12/12/2013</EffectiveDate>
      </Ben>
    </Bens>
    <Receipts>
      <!--<Receipt>
        <ReceiptNum>02829773</ReceiptNum>
      </Receipt>-->
    </Receipts>
    <Las>
      <La>
        <Life>01</Life>
        <LaNum>59947263</LaNum>
        <Height>160</Height>
        <Weight>60</Weight>
        <Smoke>S</Smoke>
        <Occrate>1</Occrate>
        <Riders>

          <Rider>
            <RiderNum>01</RiderNum>
            <RiderCode>ADD2</RiderCode>
            <RiderSA>100000000</RiderSA>
            <RiderPolicyTerm>10</RiderPolicyTerm>
            <RiderPremiumTerm></RiderPremiumTerm>
            <RiderOption></RiderOption>
          </Rider>

          <Rider>
            <RiderNum>02</RiderNum>
            <RiderCode>TLR4</RiderCode>
            <RiderSA>100000000</RiderSA>
            <RiderPolicyTerm>10</RiderPolicyTerm>
            <RiderPremiumTerm>5</RiderPremiumTerm>
            <RiderOption></RiderOption>
            <RiderRate></RiderRate>
          </Rider>
          
          <Rider>
          <RiderNum>03</RiderNum>
          <RiderCode>ADB1</RiderCode>
          <RiderSA>100000000</RiderSA>
          <RiderPolicyTerm>10</RiderPolicyTerm>
          <RiderPremiumTerm></RiderPremiumTerm>
          <RiderOption></RiderOption>
          </Rider>
          
          <Rider>
            <RiderNum>04</RiderNum>
            <RiderCode>TLR1</RiderCode>
            <RiderSA>100000000</RiderSA>
            <RiderPolicyTerm>5</RiderPolicyTerm>
            <RiderPremiumTerm></RiderPremiumTerm>
            <RiderOption></RiderOption>
            <RiderRate></RiderRate>
          </Rider>

          <!--<Rider>
            <RiderNum>05</RiderNum>
            <RiderCode>ADD5</RiderCode>
            <RiderSA>100000000</RiderSA>
            <RiderPolicyTerm>10</RiderPolicyTerm>
            <RiderPremiumTerm>10</RiderPremiumTerm>
            <RiderOption></RiderOption>
          </Rider>-->

          <Rider>
            <RiderNum>06</RiderNum>
            <RiderCode>HSR4</RiderCode>
            <RiderSA></RiderSA>
            <RiderPolicyTerm></RiderPolicyTerm>
            <RiderPremiumTerm></RiderPremiumTerm>
            <RiderOption>200</RiderOption>
            <RiderRate></RiderRate>
          </Rider>


          <Rider>
            <RiderNum>04</RiderNum>
            <RiderCode>HRI1</RiderCode>
            <RiderSA></RiderSA>
            <RiderPolicyTerm></RiderPolicyTerm>
            <RiderPremiumTerm></RiderPremiumTerm>
            <RiderOption>AA</RiderOption>
            <RiderRate></RiderRate>
          </Rider>
        </Riders>
      </La>
<!--LA 2-->      
 <La>
        <Life>02</Life>
        <LaNum>59660581</LaNum>
        <Height>160</Height>
        <Weight>60</Weight>
        <Smoke>S</Smoke>
        <Occrate>1</Occrate>
        <Riders>

          <Rider>
            <RiderNum>03</RiderNum>
            <RiderCode>ADB1</RiderCode>
            <RiderSA>100000000</RiderSA>
            <RiderPolicyTerm>10</RiderPolicyTerm>
            <RiderPremiumTerm></RiderPremiumTerm>
            <RiderOption></RiderOption>
          </Rider>
          
          <Rider>
            <RiderNum>01</RiderNum>
            <RiderCode>ADD2</RiderCode>
            <RiderSA>100000000</RiderSA>
            <RiderPolicyTerm>5</RiderPolicyTerm>
            <RiderPremiumTerm></RiderPremiumTerm>
            <RiderOption></RiderOption>
            <RiderRate></RiderRate>
          </Rider>

          <Rider>
            <RiderNum>06</RiderNum>
            <RiderCode>HSR4</RiderCode>
            <RiderSA></RiderSA>
            <RiderPolicyTerm></RiderPolicyTerm>
            <RiderPremiumTerm></RiderPremiumTerm>
            <RiderOption>200</RiderOption>
            <RiderRate></RiderRate>
          </Rider>

          <Rider>
            <RiderNum>04</RiderNum>
            <RiderCode>HRI1</RiderCode>
            <RiderSA></RiderSA>
            <RiderPolicyTerm></RiderPolicyTerm>
            <RiderPremiumTerm></RiderPremiumTerm>
            <RiderOption>AA</RiderOption>
            <RiderRate></RiderRate>
          </Rider>

          <Rider>
            <RiderNum>05</RiderNum>
            <RiderCode>OPW3</RiderCode>
            <RiderSA></RiderSA>
            <RiderPolicyTerm></RiderPolicyTerm>
            <RiderPremiumTerm></RiderPremiumTerm>
            <RiderOption></RiderOption>
            <RiderRate></RiderRate>
            <RiderMortalityClass></RiderMortalityClass>
          </Rider>

          <Rider>
            <RiderNum>06</RiderNum>
            <RiderCode>DSR2</RiderCode>
            <RiderSA></RiderSA>
            <RiderPolicyTerm>5</RiderPolicyTerm>
            <RiderPremiumTerm></RiderPremiumTerm>
            <RiderOption>10</RiderOption>
            <RiderRate></RiderRate>
          </Rider>


          <Rider>
            <RiderNum>07</RiderNum>
            <RiderCode>CIR1</RiderCode>
            <RiderSA>100000000</RiderSA>
            <RiderPolicyTerm>5</RiderPolicyTerm>
            <RiderPremiumTerm></RiderPremiumTerm>
            <RiderOption></RiderOption>
            <RiderRate></RiderRate>
            <RiderMortalityClass></RiderMortalityClass>
          </Rider>

          <Rider>
            <RiderNum>08</RiderNum>
            <RiderCode>OPW6</RiderCode>
            <RiderSA></RiderSA>
            <RiderPolicyTerm>5</RiderPolicyTerm>
            <RiderPremiumTerm></RiderPremiumTerm>
            <RiderOption></RiderOption>
            <RiderRate></RiderRate>
            <RiderMortalityClass></RiderMortalityClass>
          </Rider>

          <Rider>
            <RiderNum>09</RiderNum>
            <RiderCode>TLR1</RiderCode>
            <RiderSA>700000000</RiderSA>
            <RiderPolicyTerm>5</RiderPolicyTerm>
            <RiderPremiumTerm></RiderPremiumTerm>
            <RiderOption></RiderOption>
            <RiderRate></RiderRate>
            <RiderMortalityClass></RiderMortalityClass>
          </Rider>


          

        </Riders>
      </La>


      <La>
        <Life>03</Life>
        <LaNum>68078949</LaNum>
        <Height>160</Height>
        <Weight>60</Weight>
        <Smoke>S</Smoke>
        <Occrate>1</Occrate>
        <Riders>
          <Rider>
            <RiderNum>01</RiderNum>
            <RiderCode>KID1</RiderCode>
            <RiderSA>100000000</RiderSA>
            <RiderPolicyTerm>10</RiderPolicyTerm>
            <RiderPremiumTerm></RiderPremiumTerm>
            <RiderOption></RiderOption>
            <RiderRate></RiderRate>
            <RiderMortalityClass>1</RiderMortalityClass>
          </Rider>
          <Rider>
            <RiderNum>01</RiderNum>
            <RiderCode>KID2</RiderCode>
            <RiderSA>100000000</RiderSA>
            <RiderPolicyTerm>5</RiderPolicyTerm>
            <RiderPremiumTerm></RiderPremiumTerm>
            <RiderOption></RiderOption>
            <RiderRate></RiderRate>
            <RiderMortalityClass>1</RiderMortalityClass>
          </Rider>
          <Rider>
            <RiderNum>01</RiderNum>
            <RiderCode>KID3</RiderCode>
            <RiderSA>100000000</RiderSA>
            <RiderPolicyTerm>10</RiderPolicyTerm>
            <RiderPremiumTerm></RiderPremiumTerm>
            <RiderOption></RiderOption>
            <RiderRate></RiderRate>
            <RiderMortalityClass>1</RiderMortalityClass>
          </Rider>
          
          
          
          <Rider>
            <RiderNum>01</RiderNum>
            <RiderCode>TLR4</RiderCode>
            <RiderSA>100000000</RiderSA>
            <RiderPolicyTerm>10</RiderPolicyTerm>
            <RiderPremiumTerm>5</RiderPremiumTerm>
            <RiderOption></RiderOption>
            <RiderRate></RiderRate>
            <RiderMortalityClass></RiderMortalityClass>
          </Rider>
          <Rider>
            <RiderNum></RiderNum>
            <RiderCode>DSR1</RiderCode>
            <RiderSA></RiderSA>
            <RiderPolicyTerm>10</RiderPolicyTerm>
            <RiderPremiumTerm></RiderPremiumTerm>
            <RiderOption></RiderOption>
          </Rider>
          <Rider>
            <RiderNum>05</RiderNum>
            <RiderCode>ADD5</RiderCode>
            <RiderSA>100000000</RiderSA>
            <RiderPolicyTerm>10</RiderPolicyTerm>
            <RiderPremiumTerm>10</RiderPremiumTerm>
            <RiderOption></RiderOption>
          </Rider>

          <Rider>
            <RiderNum>05</RiderNum>
            <RiderCode>OPW1</RiderCode>
            <RiderSA>100000000</RiderSA>
            <RiderPolicyTerm>10</RiderPolicyTerm>
            <RiderPremiumTerm>10</RiderPremiumTerm>
            <RiderOption></RiderOption>
          </Rider>


          <Rider>
            <RiderNum>01</RiderNum>
            <RiderCode>TLR3</RiderCode>
            <RiderSA>100000000</RiderSA>
            <RiderPolicyTerm>5</RiderPolicyTerm>
            <RiderPremiumTerm></RiderPremiumTerm>
            <RiderOption></RiderOption>
            <RiderRate></RiderRate>
            <RiderMortalityClass>1</RiderMortalityClass>
          </Rider>

        </Riders>
      </La>
    
    </Las>
  </Proposal>
</Proposals>