﻿<?xml version="1.0" encoding="utf-8"?>
<Proposals>
  <!-- VL2 --> 
  <Proposal>
    <ContractType>VL2</ContractType>
    <PolOwner>59661021</PolOwner>
    <IncomeRange>05</IncomeRange>
    <IncomeAmount>20012013</IncomeAmount>
    <RiskCommDate>22/07/2013</RiskCommDate>
    <PropDate>22/07/2013</PropDate>
    <BillingFrequency>01</BillingFrequency>
    <MethodOfPayment>C</MethodOfPayment>
    <TempRcptNo>12343333</TempRcptNo>
    <TemporaryReceiptDate>22/07/2013</TemporaryReceiptDate>
    <SoldUnit>D02</SoldUnit>
    <PropNum>456111111</PropNum>
    <DespatchAddress>10025082</DespatchAddress>
    <SumAssured>500000000</SumAssured>
    <Option>OPT1</Option> 
    <PremiumTerm></PremiumTerm>
    <PolicyTerm>15</PolicyTerm>
    <Agencies>
      <Agency>
        <Number>60000069</Number>
        <Commission>100</Commission>
        <Bonus>100</Bonus>
      </Agency>
	  <!-- ------ AGENTCY
	  <Agency>
        <Number>60000011</Number>
        <Commission>50</Commission>
        <Bonus>50</Bonus>
      </Agency>
	  -->
    </Agencies>
    <Bens>
      <Ben>
        <Number>59661021</Number>
        <Relationship>CH</Relationship>
        <Rate>100</Rate>
        <EffectiveDate>22/07/2013</EffectiveDate>
      </Ben>
    </Bens>
    <Receipts>
      <ReceiptNum>02829923</ReceiptNum>
    </Receipts>
    <Las>
		<La>  	<!-- Life 01 -->  
			<Life>01</Life>
			<LaNum>59661021</LaNum>
			<Height>160</Height>  
			<Weight>60</Weight>
			<Occrate>1</Occrate>
			<Smoke>S</Smoke>
			<Riders>
				<Rider>
					<RiderNum></RiderNum>
					<RiderCode>TLR1</RiderCode>
					<RiderSA>100000000</RiderSA>
					<RiderPolicyTerm>10</RiderPolicyTerm>
					<RiderPremiumTerm></RiderPremiumTerm>
					<RiderOption></RiderOption>
				</Rider>
				<Rider>
					<RiderNum></RiderNum>
					<RiderCode>OPW6</RiderCode>
					<RiderSA></RiderSA>
					<RiderPolicyTerm>10</RiderPolicyTerm>
					<RiderPremiumTerm></RiderPremiumTerm>
					<RiderOption></RiderOption>
				</Rider>
				<Rider>
					<RiderNum></RiderNum>
					<RiderCode>ADB1</RiderCode>
					<RiderSA>100000000</RiderSA>
					<RiderPolicyTerm>10</RiderPolicyTerm>
					<RiderPremiumTerm></RiderPremiumTerm>
					<RiderOption></RiderOption>
				</Rider>
				<Rider>
					<RiderNum></RiderNum>
					<RiderCode>ADD2</RiderCode>
					<RiderSA>100000000</RiderSA>
					<RiderPolicyTerm>10</RiderPolicyTerm>
					<RiderPremiumTerm></RiderPremiumTerm>
					<RiderOption></RiderOption>
				</Rider>
				<Rider>
					<RiderNum></RiderNum>
					<RiderCode>HSR4</RiderCode>
					<RiderSA></RiderSA>
					<RiderPolicyTerm></RiderPolicyTerm>
					<RiderPremiumTerm></RiderPremiumTerm>
					<RiderOption>200</RiderOption>
				</Rider>
				<Rider>
					<RiderNum></RiderNum>
					<RiderCode>HRI1</RiderCode>
					<RiderSA></RiderSA>
					<RiderPolicyTerm></RiderPolicyTerm>
					<RiderPremiumTerm></RiderPremiumTerm>
					<RiderOption>AA</RiderOption>
				</Rider> 
			</Riders>
		</La>
		<La>	<!-- Life 02 -->
			<Life>02</Life>
			<LaNum>52247948</LaNum>
			<Height>160</Height>  
			<Weight>60</Weight>
			<Occrate>1</Occrate>
			<Smoke>S</Smoke>
			<Riders> 
				<Rider>
					<RiderNum>01</RiderNum>
					<RiderCode>TLR1</RiderCode>
					<RiderSA>10000000</RiderSA>
					<RiderPolicyTerm>10</RiderPolicyTerm>
					<RiderPremiumTerm></RiderPremiumTerm>
					<RiderOption></RiderOption>
				</Rider>
				<Rider>
					<RiderNum>02</RiderNum>
					<RiderCode>ADB1</RiderCode>
					<RiderSA>10000000</RiderSA>
					<RiderPolicyTerm>10</RiderPolicyTerm>
					<RiderPremiumTerm></RiderPremiumTerm>
					<RiderOption></RiderOption>
				</Rider>
				<Rider>
					<RiderNum>03</RiderNum>
					<RiderCode>ADD2</RiderCode>
					<RiderSA>10000000</RiderSA>
					<RiderPolicyTerm>10</RiderPolicyTerm>
					<RiderPremiumTerm></RiderPremiumTerm>
					<RiderOption></RiderOption>
				</Rider>
				<Rider>
					<RiderNum></RiderNum>
					<RiderCode>HSR4</RiderCode>
					<RiderSA></RiderSA>
					<RiderPolicyTerm></RiderPolicyTerm>
					<RiderPremiumTerm></RiderPremiumTerm>
					<RiderOption>200</RiderOption>
				</Rider>
				<Rider>
					<RiderNum></RiderNum>
					<RiderCode>HRI1</RiderCode>
					<RiderSA></RiderSA>
					<RiderPolicyTerm></RiderPolicyTerm>
					<RiderPremiumTerm></RiderPremiumTerm>
					<RiderOption>CC</RiderOption>
				</Rider>
				<Rider>
					<RiderNum></RiderNum>
					<RiderCode>CIR1</RiderCode>
					<RiderSA>100000000</RiderSA>
					<RiderPolicyTerm>10</RiderPolicyTerm>
					<RiderPremiumTerm></RiderPremiumTerm>
					<RiderOption></RiderOption>
				</Rider>
				<Rider>
					<RiderNum></RiderNum>
					<RiderCode>DSR1</RiderCode>
					<RiderSA></RiderSA>
					<RiderPolicyTerm>10</RiderPolicyTerm>
					<RiderPremiumTerm></RiderPremiumTerm>
					<RiderOption></RiderOption>
				</Rider>
				<Rider>
					<RiderNum></RiderNum>
					<RiderCode>DSR2</RiderCode>
					<RiderSA></RiderSA>
					<RiderPolicyTerm>10</RiderPolicyTerm>
					<RiderPremiumTerm></RiderPremiumTerm>
					<RiderOption>10</RiderOption>
				</Rider>
				<Rider>
					<RiderNum></RiderNum>
					<RiderCode>OPW3</RiderCode>
					<RiderSA></RiderSA>
					<RiderPolicyTerm></RiderPolicyTerm>
					<RiderPremiumTerm></RiderPremiumTerm>
					<RiderOption></RiderOption>
				</Rider>
			</Riders>
		</La>
		<La>	<!-- Life 03 -->
			<Life>03</Life>
			<LaNum>56360643</LaNum>
			<Height>160</Height>  
			<Weight>60</Weight>
			<Occrate>1</Occrate>
			<Smoke>S</Smoke>
			<Riders>
				<Rider>
					<RiderNum></RiderNum>
					<RiderCode>KID1</RiderCode>
					<RiderSA>123123111</RiderSA>
					<RiderPolicyTerm>10</RiderPolicyTerm>
					<RiderPremiumTerm></RiderPremiumTerm>
					<RiderOption></RiderOption>
				</Rider>
			</Riders>
		</La>		
	</Las>
	<ErrorMessage> </ErrorMessage>
  </Proposal> 
  <!-- CM1 -->
  <Proposal>
    <ContractType>CM1</ContractType>
    <PolOwner>58044049</PolOwner>
    <IncomeRange>05</IncomeRange>
    <IncomeAmount>20012013</IncomeAmount>
    <RiskCommDate>22/07/2013</RiskCommDate>
    <PropDate>22/07/2013</PropDate>
    <BillingFrequency>01</BillingFrequency>
    <MethodOfPayment>C</MethodOfPayment>
    <TempRcptNo>12343333</TempRcptNo>
    <TemporaryReceiptDate>22/07/2013</TemporaryReceiptDate>
    <SoldUnit>D02</SoldUnit>
    <PropNum>123654654</PropNum>
    <DespatchAddress>55882334</DespatchAddress>
    <SumAssured>500000000</SumAssured>
    <Option></Option> 
    <PremiumTerm></PremiumTerm>
    <PolicyTerm>15</PolicyTerm>
    <Agencies>
      <Agency>
        <Number>60000069</Number>
        <Commission>100</Commission>
        <Bonus>100</Bonus>
      </Agency>
    </Agencies>
    <Bens>
      <Ben>
        <Number>59867094</Number>
        <Relationship>CH</Relationship>
        <Rate>100</Rate>
        <EffectiveDate>22/07/2013</EffectiveDate>
      </Ben>
    </Bens>
    <Receipts>
      <ReceiptNum>02829922</ReceiptNum>	  
    </Receipts>
    <Las>
		<La>  	<!-- Life 01 -->  
			<Life>01</Life>   
			<LaNum>58044049</LaNum>
			<Height>160</Height>  
			<Weight>60</Weight>
			<Occrate>1</Occrate>
			<Smoke>S</Smoke>
			<Riders>
				<Rider>   
					<RiderNum></RiderNum>
					<RiderCode>ADD2</RiderCode>
					<RiderSA>100000000</RiderSA>
					<RiderPolicyTerm>10</RiderPolicyTerm>
					<RiderPremiumTerm></RiderPremiumTerm>
					<RiderOption></RiderOption>
				</Rider>
				<Rider>
				<Rider>
					<RiderNum></RiderNum>
					<RiderCode>ADB1</RiderCode>
					<RiderSA>100000000</RiderSA>
					<RiderPolicyTerm>10</RiderPolicyTerm>
					<RiderPremiumTerm></RiderPremiumTerm>
					<RiderOption></RiderOption>
				</Rider>
				<Rider>
					<RiderNum></RiderNum>
					<RiderCode>HSR4</RiderCode>
					<RiderSA></RiderSA>
					<RiderPolicyTerm></RiderPolicyTerm>
					<RiderPremiumTerm></RiderPremiumTerm>
					<RiderOption>200</RiderOption>
				</Rider>
				<Rider>
					<RiderNum></RiderNum>
					<RiderCode>HRI1</RiderCode>
					<RiderSA></RiderSA>
					<RiderPolicyTerm></RiderPolicyTerm>
					<RiderPremiumTerm></RiderPremiumTerm>
					<RiderOption>AA</RiderOption>
				</Rider>
				<Rider>
					<RiderNum></RiderNum>
					<RiderCode>TLR1</RiderCode>
					<RiderSA>100000000</RiderSA>
					<RiderPolicyTerm>10</RiderPolicyTerm>
					<RiderPremiumTerm></RiderPremiumTerm>
					<RiderOption></RiderOption>
				</Rider>
			</Riders>
		</La>
		<La>	<!-- Life 02 -->
			<Life>02</Life>
			<LaNum>55121647</LaNum>
			<Height>160</Height>  
			<Weight>60</Weight>
			<Occrate>1</Occrate>
			<Smoke>S</Smoke>
			<Riders> 
				<Rider> 
					<RiderNum>01</RiderNum>
					<RiderCode>ADD2</RiderCode>
					<RiderSA>100000000</RiderSA>
					<RiderPolicyTerm>10</RiderPolicyTerm>
					<RiderPremiumTerm></RiderPremiumTerm>
					<RiderOption></RiderOption>
				</Rider>
				<Rider> 
					<RiderNum>02</RiderNum>
					<RiderCode>CIR1</RiderCode>
					<RiderSA>100000000</RiderSA>
					<RiderPolicyTerm>10</RiderPolicyTerm>
					<RiderPremiumTerm></RiderPremiumTerm>
					<RiderOption></RiderOption>
				</Rider>
				<Rider>
					<RiderNum>03</RiderNum>
					<RiderCode>OPW6</RiderCode>
					<RiderSA></RiderSA>
					<RiderPolicyTerm>10</RiderPolicyTerm>
					<RiderPremiumTerm></RiderPremiumTerm>
					<RiderOption></RiderOption>
				</Rider>
				<Rider>
					<RiderNum></RiderNum>
					<RiderCode>TLR1</RiderCode>
					<RiderSA>100000000</RiderSA>
					<RiderPolicyTerm>10</RiderPolicyTerm>
					<RiderPremiumTerm></RiderPremiumTerm>
					<RiderOption></RiderOption>
				</Rider>
				<Rider>
					<RiderNum></RiderNum>
					<RiderCode>DSR1</RiderCode>
					<RiderSA></RiderSA>
					<RiderPolicyTerm>10</RiderPolicyTerm>
					<RiderPremiumTerm></RiderPremiumTerm>
					<RiderOption></RiderOption>
				</Rider>
				<Rider>
					<RiderNum></RiderNum>
					<RiderCode>DSR2</RiderCode>
					<RiderSA></RiderSA>
					<RiderPolicyTerm>10</RiderPolicyTerm>
					<RiderPremiumTerm></RiderPremiumTerm>
					<RiderOption>10</RiderOption>
				</Rider>
				<Rider>
					<RiderNum>03</RiderNum>
					<RiderCode>OPW3</RiderCode>
					<RiderSA></RiderSA>
					<RiderPolicyTerm>10</RiderPolicyTerm>
					<RiderPremiumTerm></RiderPremiumTerm>
					<RiderOption></RiderOption>
				</Rider>
			</Riders>
		</La>
	</Las>
	<ErrorMessage> </ErrorMessage>
  </Proposal>
</Proposals>
