<?xml version="1.0" encoding="utf-8"?>
<Proposals>
  <Proposal>
    <ContractType>CM1</ContractType>
    <PolOwner>10156716</PolOwner>
    <IncomeRange>05</IncomeRange>
    <IncomeAmount>20012013</IncomeAmount>
    <RiskCommDate>25/07/2013</RiskCommDate>
    <PropDate>25/07/2013</PropDate>
    <BillingFrequency>01</BillingFrequency>
    <MethodOfPayment>C</MethodOfPayment>
    <TempRcptNo>12343333</TempRcptNo>
    <TemporaryReceiptDate>25/07/2013</TemporaryReceiptDate>
    <SoldUnit>D02</SoldUnit>
    <PropNum>1230565664</PropNum>
    <DespatchAddress>10025064</DespatchAddress>
    <SumAssured>500000000</SumAssured>
    <Option></Option>
    <PremiumTerm>10</PremiumTerm>
    <PolicyTerm>20</PolicyTerm>
    <Agencies>
      <Agency>
        <Number>60000011</Number>
        <Commission>100</Commission>
        <Bonus>100</Bonus>
      </Agency>
      <!--<Agency>
        <Number>60000069</Number>
        <Commission>50</Commission>
        <Bonus>50</Bonus>
      </Agency>-->
    </Agencies>
    <Bens>
      <Ben>
        <Number>10025064</Number>
        <Relationship>CH</Relationship>
        <Rate>50</Rate>
        <EffectiveDate>25/07/2013</EffectiveDate>
      </Ben>
      <Ben>
        <Number>10215099</Number>
        <Relationship>CH</Relationship>
        <Rate>50</Rate>
        <EffectiveDate>12/12/2013</EffectiveDate>
      </Ben>
    </Bens>
    <Receipts>
      <!--<ReceiptNum>00016407</ReceiptNum>-->
    </Receipts>
    <Las>
      <La>
        Life 01
        <Life>01</Life>
        <LaNum>10235344</LaNum>
        <Height>160</Height>
        <Weight>60</Weight>
        <Occrate>1</Occrate>
        <Smoke>S</Smoke>
        <Riders>
          <Rider>
            <RiderNum></RiderNum>
            <RiderCode>ADD5</RiderCode>
            <RiderSA>123123123</RiderSA>
            <RiderPolicyTerm>10</RiderPolicyTerm>
            <RiderPremiumTerm>5</RiderPremiumTerm>
            <RiderOption></RiderOption>
          </Rider>
        </Riders>
      </La>
      <La>
        Life 02
        <Life>02</Life>
        <LaNum>10012017</LaNum>
        <Height>160</Height>
        <Weight>60</Weight>
        <Occrate>1</Occrate>
        <Smoke>S</Smoke>
        <Riders>
          <Rider>
            <RiderNum>09</RiderNum>
            <RiderCode>TLR1</RiderCode>
            <RiderSA>100000000</RiderSA>
            <RiderPolicyTerm>5</RiderPolicyTerm>
            <RiderPremiumTerm></RiderPremiumTerm>
            <RiderOption></RiderOption>
            <RiderRate></RiderRate>
            <RiderMortalityClass></RiderMortalityClass>
          </Rider>
          <!--<Rider>						
						<RiderNum>10</RiderNum>
						<RiderCode>TLR3</RiderCode>
						<RiderSA>100000000</RiderSA>
						<RiderPolicyTerm>10</RiderPolicyTerm>
						<RiderPremiumTerm></RiderPremiumTerm>
						<RiderOption></RiderOption>
					</Rider>-->

          <!--<Rider>
            <RiderNum>01</RiderNum>
            <RiderCode>OPW1</RiderCode>
            <RiderSA>100000000</RiderSA>
            <RiderPolicyTerm>80</RiderPolicyTerm>
            <RiderPremiumTerm>60</RiderPremiumTerm>
            <RiderOption></RiderOption>
          </Rider>
          <Rider>
            <RiderNum>02</RiderNum>
            <RiderCode>ADB1</RiderCode>
            <RiderSA>100000000</RiderSA>
            <RiderPolicyTerm>10</RiderPolicyTerm>
            <RiderPremiumTerm></RiderPremiumTerm>
            <RiderOption></RiderOption>
          </Rider>-->
          <Rider>
            <RiderNum></RiderNum>
            <RiderCode>DSR1</RiderCode>
            <RiderSA></RiderSA>
            <RiderPolicyTerm>10</RiderPolicyTerm>
            <RiderPremiumTerm></RiderPremiumTerm>
            <RiderOption></RiderOption>
          </Rider>
          <Rider>
            <RiderNum>03</RiderNum>
            <RiderCode>ADD2</RiderCode>
            <RiderSA>100000000</RiderSA>
            <RiderPolicyTerm>5</RiderPolicyTerm>
            <RiderPremiumTerm></RiderPremiumTerm>
            <RiderOption></RiderOption>
            <RiderRate></RiderRate>
          </Rider>

          <!--<Rider>
            <RiderNum>04</RiderNum>
            <RiderCode>HSR4</RiderCode>
            <RiderSA></RiderSA>
            <RiderPolicyTerm></RiderPolicyTerm>
            <RiderPremiumTerm></RiderPremiumTerm>
            <RiderOption>200</RiderOption>
            <RiderRate></RiderRate>
          </Rider>

          <Rider>
            <RiderNum>05</RiderNum>
            <RiderCode>HRI1</RiderCode>
            <RiderSA></RiderSA>
            <RiderPolicyTerm></RiderPolicyTerm>
            <RiderPremiumTerm></RiderPremiumTerm>
            <RiderOption>AA</RiderOption>
            <RiderRate></RiderRate>
          </Rider>

          <Rider>
            <RiderNum>06</RiderNum>
            <RiderCode>OPW3</RiderCode>
            <RiderSA></RiderSA>
            <RiderPolicyTerm></RiderPolicyTerm>
            <RiderPremiumTerm></RiderPremiumTerm>
            <RiderOption></RiderOption>
            <RiderRate></RiderRate>
            <RiderMortalityClass></RiderMortalityClass>
          </Rider>

          <Rider>
            <RiderNum>07</RiderNum>
            <RiderCode>DSR2</RiderCode>
            <RiderSA></RiderSA>
            <RiderPolicyTerm>5</RiderPolicyTerm>
            <RiderPremiumTerm></RiderPremiumTerm>
            <RiderOption>10</RiderOption>
            <RiderRate></RiderRate>
          </Rider>


          <Rider>
            <RiderNum>08</RiderNum>
            <RiderCode>CIR1</RiderCode>
            <RiderSA>700000000</RiderSA>
            <RiderPolicyTerm>5</RiderPolicyTerm>
            <RiderPremiumTerm></RiderPremiumTerm>
            <RiderOption></RiderOption>
            <RiderRate></RiderRate>
            <RiderMortalityClass></RiderMortalityClass>
          </Rider>-->
        </Riders>
      </La>

      <La>
        <Life>03</Life>
        <LaNum>10204519 </LaNum>
        <Height>160</Height>
        <Weight>60</Weight>
        <Smoke>S</Smoke>
        <Occrate>1</Occrate>
        <Riders>


          <Rider>
            <RiderNum>08</RiderNum>
            <RiderCode>OPW6</RiderCode>
            <RiderSA></RiderSA>
            <RiderPolicyTerm>5</RiderPolicyTerm>
            <RiderPremiumTerm></RiderPremiumTerm>
            <RiderOption></RiderOption>
            <RiderRate></RiderRate>
            <RiderMortalityClass></RiderMortalityClass>
          </Rider>

          <Rider>
            <RiderNum>09</RiderNum>
            <RiderCode>TLR1</RiderCode>
            <RiderSA>100000000</RiderSA>
            <RiderPolicyTerm>5</RiderPolicyTerm>
            <RiderPremiumTerm></RiderPremiumTerm>
            <RiderOption></RiderOption>
            <RiderRate></RiderRate>
            <RiderMortalityClass></RiderMortalityClass>
          </Rider>

        </Riders>
      </La>
    </Las>
    <ErrorMessage> </ErrorMessage>
  </Proposal>
</Proposals>