﻿<?xml version="1.0" encoding="utf-8"?>
<Proposals>
  <Proposal>
    <PropNum>20012019</PropNum>
    <ContractType>EU3</ContractType>
    <PolOwner>53584867</PolOwner>
    <IncomeRange>01</IncomeRange>
    <IncomeAmount></IncomeAmount>
    <RiskCommDate>02/09/2012</RiskCommDate>
    <PropDate>02/09/2012</PropDate>
    <BillingFrequency>01</BillingFrequency>
    <MethodOfPayment>C</MethodOfPayment>
    <TempRcptNo>12343333</TempRcptNo>
    <TemporaryReceiptDate>02/09/2012</TemporaryReceiptDate>
    <SoldUnit>D02</SoldUnit>
    <DespatchAddress>58963772</DespatchAddress>
    <SumAssured>100000000</SumAssured>
    <Option>HSC</Option>
    <PremiumTerm></PremiumTerm>
    <PolicyTerm>20</PolicyTerm>
    <Agencies>
      <Agency>
        <Number>60000069</Number>
        <Commission>50</Commission>
        <Bonus>50</Bonus>
      </Agency>
      <Agency>
        <Number>60000066</Number>
        <Commission>50</Commission>
        <Bonus>50</Bonus>
      </Agency>
    </Agencies>
    <Bens>
      <Ben>
        <Number>58963772</Number>
        <Relationship>CH</Relationship>
        <Rate>50</Rate>
        <EffectiveDate>30/01/2015</EffectiveDate>
      </Ben>
      <Ben>
        <Number>58093771</Number>
        <Relationship>CH</Relationship>
        <Rate>50</Rate>
        <EffectiveDate>30/01/2015</EffectiveDate>
      </Ben>
    </Bens>
    <Receipts>
      <ReceiptNum>02829902</ReceiptNum>
      <ReceiptNum>02829903</ReceiptNum>
    </Receipts>
    <Las>
      <La>
        <Life>01</Life>
        <LaNum>53584867</LaNum>
        <Height>160</Height>
        <Weight>60</Weight>
        <Smoke>S</Smoke>
        <Occrate>1</Occrate>
        <Riders>
          <Rider>
            <RiderNum>01</RiderNum>
            <RiderCode>ADD2</RiderCode>
            <RiderSA>100000000</RiderSA>
            <RiderPolicyTerm>10</RiderPolicyTerm>
            <RiderPremiumTerm></RiderPremiumTerm>
            <RiderOption></RiderOption>
          </Rider>
          <Rider>
            <RiderNum>02</RiderNum>
            <RiderCode>ADB1</RiderCode>
            <RiderSA>100000000</RiderSA>
            <RiderPolicyTerm>10</RiderPolicyTerm>
            <RiderPremiumTerm></RiderPremiumTerm>
            <RiderOption></RiderOption>
          </Rider>
          <Rider>
            <RiderNum>03</RiderNum>
            <RiderCode>CIR1</RiderCode>
            <RiderSA>100000000</RiderSA>
            <RiderPolicyTerm>10</RiderPolicyTerm>
            <RiderPremiumTerm></RiderPremiumTerm>
            <RiderOption></RiderOption>
          </Rider>
          <Rider>
            <RiderNum>04</RiderNum>
            <RiderCode>HSR4</RiderCode>
            <RiderSA></RiderSA>
            <RiderPolicyTerm></RiderPolicyTerm>
            <RiderPremiumTerm></RiderPremiumTerm>
            <RiderOption>200</RiderOption>
          </Rider>
          <Rider>
            <RiderNum>05</RiderNum>
            <RiderCode>TLR1</RiderCode>
            <RiderSA>100000000</RiderSA>
            <RiderPolicyTerm>10</RiderPolicyTerm>
            <RiderPremiumTerm></RiderPremiumTerm>
            <RiderOption></RiderOption>
          </Rider>
          <Rider>
            <RiderNum>06</RiderNum>
            <RiderCode>OPW6</RiderCode>
            <RiderSA></RiderSA>
            <RiderPolicyTerm>10</RiderPolicyTerm>
            <RiderPremiumTerm></RiderPremiumTerm>
            <RiderOption></RiderOption>
          </Rider>
        </Riders>
      </La>
      <La>
        <Life>02</Life>
        <LaNum>52645212</LaNum>
        <Height>160</Height>
        <Weight>60</Weight>
        <Smoke>S</Smoke>
        <Occrate>2</Occrate>
        <Riders>
          <Rider>
            <RiderNum>02</RiderNum>
            <RiderCode>TLR3</RiderCode>
            <RiderSA>10000000</RiderSA>
            <RiderPolicyTerm>5</RiderPolicyTerm>
            <RiderPremiumTerm></RiderPremiumTerm>
            <RiderOption></RiderOption>
          </Rider>
          <Rider>
            <RiderNum>03</RiderNum>
            <RiderCode>ADD2</RiderCode>
            <RiderSA>10000000</RiderSA>
            <RiderPolicyTerm>10</RiderPolicyTerm>
            <RiderPremiumTerm></RiderPremiumTerm>
            <RiderOption></RiderOption>
          </Rider>
        </Riders>
      </La>
      <La>
        <Life>03</Life>
        <LaNum>55532307</LaNum>
        <Height>160</Height>
        <Weight>60</Weight>
        <Smoke>S</Smoke>
        <Occrate>1</Occrate>
        <Riders>
          <Rider>
            <RiderNum>01</RiderNum>
            <RiderCode>ADB1</RiderCode>
            <RiderSA>100000000</RiderSA>
            <RiderPolicyTerm>10</RiderPolicyTerm>
            <RiderPremiumTerm></RiderPremiumTerm>
            <RiderOption></RiderOption>
          </Rider>
          <Rider>
            <RiderNum>02</RiderNum>
            <RiderCode>ADD2</RiderCode>
            <RiderSA>100000000</RiderSA>
            <RiderPolicyTerm>10</RiderPolicyTerm>
            <RiderPremiumTerm></RiderPremiumTerm>
            <RiderOption></RiderOption>
          </Rider>
          <Rider>
            <RiderNum>03</RiderNum>
            <RiderCode>DSR2</RiderCode>
            <RiderSA></RiderSA>
            <RiderPolicyTerm>10</RiderPolicyTerm>
            <RiderPremiumTerm></RiderPremiumTerm>
            <RiderOption>20</RiderOption>
          </Rider>
          <Rider>
            <RiderNum>04</RiderNum>
            <RiderCode>CIR1</RiderCode>
            <RiderSA>100000000</RiderSA>
            <RiderPolicyTerm>10</RiderPolicyTerm>
            <RiderPremiumTerm></RiderPremiumTerm>
            <RiderOption></RiderOption>
          </Rider>
          <Rider>
            <RiderNum>05</RiderNum>
            <RiderCode>TLR1</RiderCode>
            <RiderSA>10000000</RiderSA>
            <RiderPolicyTerm>10</RiderPolicyTerm>
            <RiderPremiumTerm></RiderPremiumTerm>
            <RiderOption></RiderOption>
          </Rider>
        </Riders>
      </La>
    </Las>
    <ErrorMessage> </ErrorMessage>
  </Proposal>
  <Proposal>
    <ContractType>EU3</ContractType>
    <PropNum>2301010104</PropNum>
    <PolOwner>57278249</PolOwner>
    <IncomeRange>01</IncomeRange>
    <IncomeAmount>1231231</IncomeAmount>
    <RiskCommDate>12/12/2012</RiskCommDate>
    <PropDate>12/12/2012</PropDate>
    <BillingFrequency>01</BillingFrequency>
    <MethodOfPayment>C</MethodOfPayment>
    <CrossRefNumber></CrossRefNumber>
    <TempRcptNo>12343333</TempRcptNo>
    <TemporaryReceiptDate>12/12/2012</TemporaryReceiptDate>
    <DespatchAddress>58963772</DespatchAddress>
    <SoldUnit>D02</SoldUnit>
    <SumAssured>500000000</SumAssured>
    <Option>HSC</Option>
    <PremiumTerm></PremiumTerm>
    <PolicyTerm>20</PolicyTerm>
    <Agencies>
      <Agency>
        <Number>60000069</Number>
        <Commission>100</Commission>
        <Bonus>100</Bonus>
      </Agency>
    </Agencies>
    <!--<Bens>
      <Ben>
        <Number>57278249</Number>
        <Relationship>CH</Relationship>
        <Rate>50</Rate>
        <EffectiveDate>30/01/2015</EffectiveDate>
      </Ben>
      <Ben>
        <Number>59867094</Number>
        <Relationship>FA</Relationship>
        <Rate>50</Rate>
        <EffectiveDate>30/01/2015</EffectiveDate>
      </Ben>
    </Bens>-->
    <Receipts>
      <ReceiptNum>02829899</ReceiptNum>
      <ReceiptNum>02829900</ReceiptNum>
      <ReceiptNum>02829901</ReceiptNum>
    </Receipts>
    <Las>
      <La>
        <Life>01</Life>
        <LaNum>57278249</LaNum>
        <Height>160</Height>
        <Weight>60</Weight>
        <Smoke>S</Smoke>
        <Occrate>1</Occrate>
        <Riders>
          <Rider>
            <RiderNum>01</RiderNum>
            <RiderCode>ADD2</RiderCode>
            <RiderSA>200000000</RiderSA>
            <RiderPolicyTerm>10</RiderPolicyTerm>
            <RiderPremiumTerm></RiderPremiumTerm>
            <RiderOption></RiderOption>
          </Rider>
          <Rider>
            <RiderNum>02</RiderNum>
            <RiderCode>HSR4</RiderCode>
            <RiderSA></RiderSA>
            <RiderPolicyTerm>10</RiderPolicyTerm>
            <RiderPremiumTerm></RiderPremiumTerm>
            <RiderOption>200</RiderOption>
          </Rider>
          <Rider>
            <RiderNum>03</RiderNum>
            <RiderCode>TLR1</RiderCode>
            <RiderSA>200000000</RiderSA>
            <RiderPolicyTerm>10</RiderPolicyTerm>
            <RiderPremiumTerm></RiderPremiumTerm>
            <RiderOption></RiderOption>
          </Rider>
        </Riders>
      </La>
      <La>
        <Life>02</Life>
        <LaNum>55870221</LaNum>
        <Height>160</Height>
        <Weight>60</Weight>
        <Smoke>N</Smoke>
        <Occrate>2</Occrate>
        <Riders>
          <Rider>
            <RiderNum>01</RiderNum>
            <RiderCode>ADB1</RiderCode>
            <RiderSA>100000000</RiderSA>
            <RiderPolicyTerm>5</RiderPolicyTerm>
            <RiderPremiumTerm></RiderPremiumTerm>
            <RiderOption></RiderOption>
          </Rider>
          <Rider>
            <RiderNum>01</RiderNum>
            <RiderCode>HSR4</RiderCode>
            <RiderSA></RiderSA>
            <RiderPolicyTerm></RiderPolicyTerm>
            <RiderPremiumTerm></RiderPremiumTerm>
            <RiderOption>200</RiderOption>
          </Rider>
          <Rider>
            <RiderNum>02</RiderNum>
            <RiderCode>HRI1</RiderCode>
            <RiderSA></RiderSA>
            <RiderPolicyTerm></RiderPolicyTerm>
            <RiderPremiumTerm></RiderPremiumTerm>
            <RiderOption>AA</RiderOption>
          </Rider>
          <Rider>
            <RiderNum>03</RiderNum>
            <RiderCode>DSR2</RiderCode>
            <RiderSA></RiderSA>
            <RiderPolicyTerm>5</RiderPolicyTerm>
            <RiderPremiumTerm></RiderPremiumTerm>
            <RiderOption>10</RiderOption>
          </Rider>
        </Riders>
      </La>
    </Las>
    <ErrorMessage> </ErrorMessage>
  </Proposal>
</Proposals>
