<?xml version="1.0" encoding="utf-8"?>
<LogItems xmlns:xsi="http://www.w3.org/2001/XMLSchema-instance" xmlns:xsd="http://www.w3.org/2001/XMLSchema">
  <LogItem>
    <PropNum>888555111</PropNum>
    <PolicyNum />
    <TranDate>29/07/2013</TranDate>
    <ErrorMessage>Duplicate Proposal No.</ErrorMessage>
  </LogItem>
  <LogItem>
    <PropNum>888555112</PropNum>
    <PolicyNum />
    <TranDate>29/07/2013</TranDate>
    <ErrorMessage>LA: 04, Rider:  - Rates not on T5664</ErrorMessage>
  </LogItem>
  <LogItem>
    <PropNum>888555113</PropNum>
    <PolicyNum />
    <TranDate>29/07/2013</TranDate>
    <ErrorMessage>Duplicate Proposal No.</ErrorMessage>
  </LogItem>
</LogItems>