﻿<?xml version="1.0" encoding="utf-8"?>
<Proposals>
  <Proposal>
    <PropNum>6333231713</PropNum>
    <ContractType>EU3</ContractType>
    <PolOwner>51716789</PolOwner>
    <IncomeRange>01</IncomeRange>
    <IncomeAmount>1231231</IncomeAmount>
    <RiskCommDate>30/01/2015</RiskCommDate>
    <PropDate>30/01/2015</PropDate>
    <BillingFrequency>01</BillingFrequency>
    <MethodOfPayment>C</MethodOfPayment>
    <TempRcptNo>72323335</TempRcptNo>
    <TemporaryReceiptDate>30/01/2015</TemporaryReceiptDate>
    <SoldUnit>GEQ</SoldUnit>
    <Agency>60000069</Agency>
    <DespatchAddress>55882334</DespatchAddress>
    <SumAssured>200000000</SumAssured>
    <Option>HSC</Option>
    <PremiumTerm></PremiumTerm>
    <PolicyTerm>10</PolicyTerm>
    <!--Risk ccess Term-->
    <MortalityClass>N</MortalityClass>
    <Agencies>
      <Agency>
        <Number>60000069</Number>
        <Commission>100</Commission>
        <Bonus>100</Bonus>
      </Agency>
    </Agencies>
    <Bens>
      <Ben>
        <Number>57278249</Number>
        <Relationship>CH</Relationship>
        <Rate>100</Rate>
        <EffectiveDate>12/12/2013</EffectiveDate>
      </Ben>
    </Bens>
    <Receipts>
      <!--<Receipt>
        <ReceiptNum>02829773</ReceiptNum>
      </Receipt>-->
    </Receipts>
    <Las>
      <La>
        <Life>01</Life>
        <LaNum>51716789</LaNum>
        <Height>160</Height>
        <Weight>60</Weight>
        <Smoke>S</Smoke>
        <Occrate>1</Occrate>
        <Riders>
        </Riders>
      </La>
    </Las>
  </Proposal>
  <Proposal>
    <PropNum>6333231714</PropNum>
    <ContractType>EU3</ContractType>
    <PolOwner>51716789</PolOwner>
    <IncomeRange>01</IncomeRange>
    <IncomeAmount>1231231</IncomeAmount>
    <RiskCommDate>30/01/2015</RiskCommDate>
    <PropDate>30/01/2015</PropDate>
    <BillingFrequency>01</BillingFrequency>
    <MethodOfPayment>C</MethodOfPayment>
    <TempRcptNo>72323335</TempRcptNo>
    <TemporaryReceiptDate>30/01/2015</TemporaryReceiptDate>
    <SoldUnit>GEQ</SoldUnit>
    <Agency>60000069</Agency>
    <DespatchAddress>55882334</DespatchAddress>
    <SumAssured>200000000</SumAssured>
    <Option>HSC</Option>
    <PremiumTerm></PremiumTerm>
    <PolicyTerm>10</PolicyTerm>
    <!--Risk ccess Term-->
    <MortalityClass>N</MortalityClass>
    <Agencies>
      <Agency>
        <Number>60000069</Number>
        <Commission>100</Commission>
        <Bonus>100</Bonus>
      </Agency>
    </Agencies>
    <Bens>
      <Ben>
        <Number>57278249</Number>
        <Relationship>CH</Relationship>
        <Rate>100</Rate>
        <EffectiveDate>12/12/2013</EffectiveDate>
      </Ben>
    </Bens>
    <Receipts>
      <!--<Receipt>
        <ReceiptNum>02829773</ReceiptNum>
      </Receipt>-->
    </Receipts>
    <Las>
      <La>
        <Life>01</Life>
        <LaNum>51716789</LaNum>
        <Height>160</Height>
        <Weight>60</Weight>
        <Smoke>S</Smoke>
        <Occrate>1</Occrate>
        <Riders>
        </Riders>
      </La>
    </Las>
  </Proposal>
</Proposals>