<?xml version="1.0" encoding="utf-8"?>
<Proposals xmlns:xsi="http://www.w3.org/2001/XMLSchema-instance" xmlns:xsd="http://www.w3.org/2001/XMLSchema">
  <Proposal>
    <ErrorMessage>Duplicate Proposal No.</ErrorMessage>
    <ContractType>VL2</ContractType>
    <PolOwner>10235344</PolOwner>
    <IncomeRange>01</IncomeRange>
    <IncomeAmount />
    <RiskCommDate>25/07/2013</RiskCommDate>
    <PropDate>25/07/2013</PropDate>
    <BillingFrequency>01</BillingFrequency>
    <MethodOfPayment>C</MethodOfPayment>
    <TempRcptNo>12343333</TempRcptNo>
    <TemporaryReceiptDate>25/07/2013</TemporaryReceiptDate>
    <SoldUnit>D02</SoldUnit>
    <PropNum>888555111</PropNum>
    <DespatchAddress>10025082</DespatchAddress>
    <SumAssured>600000000</SumAssured>
    <Option>OPT1</Option>
    <PremiumTerm />
    <PolicyTerm>15</PolicyTerm>
    <Agencies>
      <Agency>
        <Number>60000011</Number>
        <Commission>50</Commission>
        <Bonus>50</Bonus>
      </Agency>
      <Agency>
        <Number>60000013</Number>
        <Commission>50</Commission>
        <Bonus>50</Bonus>
      </Agency>
    </Agencies>
    <Bens>
      <Ben>
        <Number>10235415</Number>
        <Relationship>CH</Relationship>
        <Rate>25</Rate>
        <EffectiveDate>25/07/2013</EffectiveDate>
      </Ben>
      <Ben>
        <Number>10235371</Number>
        <Relationship>CH</Relationship>
        <Rate>25</Rate>
        <EffectiveDate>25/07/2013</EffectiveDate>
      </Ben>
      <Ben>
        <Number>10235335</Number>
        <Relationship>CH</Relationship>
        <Rate>25</Rate>
        <EffectiveDate>25/07/2013</EffectiveDate>
      </Ben>
      <Ben>
        <Number>10235317</Number>
        <Relationship>CH</Relationship>
        <Rate>25</Rate>
        <EffectiveDate>25/07/2013</EffectiveDate>
      </Ben>
    </Bens>
    <Receipts />
    <Las>
      <La>
        <Life>01</Life>
        <LaNum>10235255</LaNum>
        <Height>165</Height>
        <Weight>60</Weight>
        <Smoke>S</Smoke>
        <Occrate>1</Occrate>
        <Riders>
          <Rider>
            <RiderNum />
            <RiderCode>ADD2</RiderCode>
            <RiderSA>100000000</RiderSA>
            <RiderPolicyTerm>10</RiderPolicyTerm>
            <RiderPremiumTerm />
            <RiderOption />
          </Rider>
          <Rider>
            <RiderNum />
            <RiderCode>HSR4</RiderCode>
            <RiderSA />
            <RiderPolicyTerm />
            <RiderPremiumTerm />
            <RiderOption>200</RiderOption>
          </Rider>
          <Rider>
            <RiderNum />
            <RiderCode>HRI1</RiderCode>
            <RiderSA />
            <RiderPolicyTerm />
            <RiderPremiumTerm />
            <RiderOption>AA</RiderOption>
          </Rider>
          <Rider>
            <RiderNum />
            <RiderCode>KID1</RiderCode>
            <RiderSA>100000000</RiderSA>
            <RiderPolicyTerm>10</RiderPolicyTerm>
            <RiderPremiumTerm />
            <RiderOption />
          </Rider>
        </Riders>
      </La>
      <La>
        <Life>02</Life>
        <LaNum>10235344</LaNum>
        <Height>165</Height>
        <Weight>60</Weight>
        <Smoke>S</Smoke>
        <Occrate>1</Occrate>
        <Riders>
          <Rider>
            <RiderNum />
            <RiderCode>TLR1</RiderCode>
            <RiderSA>100000000</RiderSA>
            <RiderPolicyTerm>10</RiderPolicyTerm>
            <RiderPremiumTerm />
            <RiderOption />
          </Rider>
          <Rider>
            <RiderNum />
            <RiderCode>ADD2</RiderCode>
            <RiderSA>100000000</RiderSA>
            <RiderPolicyTerm>10</RiderPolicyTerm>
            <RiderPremiumTerm />
            <RiderOption />
          </Rider>
          <Rider>
            <RiderNum />
            <RiderCode>ADB1</RiderCode>
            <RiderSA>100000000</RiderSA>
            <RiderPolicyTerm>10</RiderPolicyTerm>
            <RiderPremiumTerm />
            <RiderOption />
          </Rider>
          <Rider>
            <RiderNum />
            <RiderCode>HSR4</RiderCode>
            <RiderSA />
            <RiderPolicyTerm />
            <RiderPremiumTerm />
            <RiderOption>200</RiderOption>
          </Rider>
          <Rider>
            <RiderNum />
            <RiderCode>HRI1</RiderCode>
            <RiderSA />
            <RiderPolicyTerm />
            <RiderPremiumTerm />
            <RiderOption>AA</RiderOption>
          </Rider>
          <Rider>
            <RiderNum />
            <RiderCode>DSR1</RiderCode>
            <RiderSA />
            <RiderPolicyTerm>10</RiderPolicyTerm>
            <RiderPremiumTerm />
            <RiderOption />
          </Rider>
          <Rider>
            <RiderNum />
            <RiderCode>OPW1</RiderCode>
            <RiderSA />
            <RiderPolicyTerm />
            <RiderPremiumTerm />
            <RiderOption />
          </Rider>
          <Rider>
            <RiderNum />
            <RiderCode>CIR1</RiderCode>
            <RiderSA>100000000</RiderSA>
            <RiderPolicyTerm>10</RiderPolicyTerm>
            <RiderPremiumTerm />
            <RiderOption />
          </Rider>
          <Rider>
            <RiderNum />
            <RiderCode>OPW6</RiderCode>
            <RiderSA />
            <RiderPolicyTerm>10</RiderPolicyTerm>
            <RiderPremiumTerm />
            <RiderOption />
          </Rider>
        </Riders>
      </La>
      <La>
        <Life>03</Life>
        <LaNum>10235308</LaNum>
        <Height>165</Height>
        <Weight>60</Weight>
        <Smoke>S</Smoke>
        <Occrate>1</Occrate>
        <Riders>
          <Rider>
            <RiderNum />
            <RiderCode>ADD2</RiderCode>
            <RiderSA>100000000</RiderSA>
            <RiderPolicyTerm>10</RiderPolicyTerm>
            <RiderPremiumTerm />
            <RiderOption />
          </Rider>
          <Rider>
            <RiderNum />
            <RiderCode>HSR4</RiderCode>
            <RiderSA />
            <RiderPolicyTerm />
            <RiderPremiumTerm />
            <RiderOption>200</RiderOption>
          </Rider>
          <Rider>
            <RiderNum />
            <RiderCode>HRI1</RiderCode>
            <RiderSA />
            <RiderPolicyTerm />
            <RiderPremiumTerm />
            <RiderOption>AA</RiderOption>
          </Rider>
          <Rider>
            <RiderNum />
            <RiderCode>TLR1</RiderCode>
            <RiderSA>100000000</RiderSA>
            <RiderPolicyTerm>10</RiderPolicyTerm>
            <RiderPremiumTerm />
            <RiderOption />
          </Rider>
          <Rider>
            <RiderNum />
            <RiderCode>ADB1</RiderCode>
            <RiderSA>100000000</RiderSA>
            <RiderPolicyTerm>10</RiderPolicyTerm>
            <RiderPremiumTerm />
            <RiderOption />
          </Rider>
          <Rider>
            <RiderNum />
            <RiderCode>CIR1</RiderCode>
            <RiderSA>100000000</RiderSA>
            <RiderPolicyTerm>10</RiderPolicyTerm>
            <RiderPremiumTerm />
            <RiderOption />
          </Rider>
          <Rider>
            <RiderNum />
            <RiderCode>OPW6</RiderCode>
            <RiderSA />
            <RiderPolicyTerm>10</RiderPolicyTerm>
            <RiderPremiumTerm />
            <RiderOption />
          </Rider>
          <Rider>
            <RiderNum />
            <RiderCode>DSR2</RiderCode>
            <RiderSA />
            <RiderPolicyTerm>10</RiderPolicyTerm>
            <RiderPremiumTerm />
            <RiderOption>10</RiderOption>
          </Rider>
          <Rider>
            <RiderNum />
            <RiderCode>OPW3</RiderCode>
            <RiderSA />
            <RiderPolicyTerm />
            <RiderPremiumTerm />
            <RiderOption />
          </Rider>
        </Riders>
      </La>
      <La>
        <Life>04</Life>
        <LaNum>10235399</LaNum>
        <Height>165</Height>
        <Weight>60</Weight>
        <Smoke>S</Smoke>
        <Occrate>1</Occrate>
        <Riders>
          <Rider>
            <RiderNum />
            <RiderCode>ADD2</RiderCode>
            <RiderSA>100000000</RiderSA>
            <RiderPolicyTerm>10</RiderPolicyTerm>
            <RiderPremiumTerm />
            <RiderOption />
          </Rider>
          <Rider>
            <RiderNum />
            <RiderCode>TLR3</RiderCode>
            <RiderSA>100000000</RiderSA>
            <RiderPolicyTerm>10</RiderPolicyTerm>
            <RiderPremiumTerm />
            <RiderOption />
          </Rider>
          <Rider>
            <RiderNum />
            <RiderCode>KID1</RiderCode>
            <RiderSA>100000000</RiderSA>
            <RiderPolicyTerm>10</RiderPolicyTerm>
            <RiderPremiumTerm />
            <RiderOption />
          </Rider>
        </Riders>
      </La>
    </Las>
  </Proposal>
  <Proposal>
    <ErrorMessage>LA: 04, Rider:  - Rates not on T5664</ErrorMessage>
    <ContractType>CM1</ContractType>
    <PolOwner>10235451</PolOwner>
    <IncomeRange>05</IncomeRange>
    <IncomeAmount>20012013</IncomeAmount>
    <RiskCommDate>25/07/2013</RiskCommDate>
    <PropDate>25/07/2013</PropDate>
    <BillingFrequency>01</BillingFrequency>
    <MethodOfPayment>C</MethodOfPayment>
    <TempRcptNo>12343333</TempRcptNo>
    <TemporaryReceiptDate>25/07/2013</TemporaryReceiptDate>
    <SoldUnit>D02</SoldUnit>
    <PropNum>888555112</PropNum>
    <DespatchAddress>10025082</DespatchAddress>
    <SumAssured>700000000</SumAssured>
    <Option />
    <PremiumTerm>15</PremiumTerm>
    <PolicyTerm />
    <Agencies>
      <Agency>
        <Number>60000011</Number>
        <Commission>100</Commission>
        <Bonus>100</Bonus>
      </Agency>
    </Agencies>
    <Bens>
      <Ben>
        <Number>10233637</Number>
        <Relationship>CH</Relationship>
        <Rate>100</Rate>
        <EffectiveDate>25/07/2013</EffectiveDate>
      </Ben>
    </Bens>
    <Receipts />
    <Las>
      <La>
        <Life>01</Life>
        <LaNum>10235442</LaNum>
        <Height>165</Height>
        <Weight>60</Weight>
        <Smoke>S</Smoke>
        <Occrate>1</Occrate>
        <Riders>
          <Rider>
            <RiderNum />
            <RiderCode>ADD5</RiderCode>
            <RiderSA>100000000</RiderSA>
            <RiderPolicyTerm>10</RiderPolicyTerm>
            <RiderPremiumTerm>5</RiderPremiumTerm>
            <RiderOption />
          </Rider>
          <Rider>
            <RiderNum />
            <RiderCode>HSR4</RiderCode>
            <RiderSA />
            <RiderPolicyTerm />
            <RiderPremiumTerm />
            <RiderOption>200</RiderOption>
          </Rider>
          <Rider>
            <RiderNum />
            <RiderCode>HRI1</RiderCode>
            <RiderSA />
            <RiderPolicyTerm />
            <RiderPremiumTerm />
            <RiderOption>AA</RiderOption>
          </Rider>
          <Rider>
            <RiderNum />
            <RiderCode>TLR1</RiderCode>
            <RiderSA>100000000</RiderSA>
            <RiderPolicyTerm>10</RiderPolicyTerm>
            <RiderPremiumTerm />
            <RiderOption />
          </Rider>
        </Riders>
      </La>
      <La>
        <Life>02</Life>
        <LaNum>10235451</LaNum>
        <Height>165</Height>
        <Weight>60</Weight>
        <Smoke>S</Smoke>
        <Occrate>1</Occrate>
        <Riders>
          <Rider>
            <RiderNum />
            <RiderCode>TLR1</RiderCode>
            <RiderSA>100000000</RiderSA>
            <RiderPolicyTerm>10</RiderPolicyTerm>
            <RiderPremiumTerm />
            <RiderOption />
          </Rider>
          <Rider>
            <RiderNum />
            <RiderCode>ADD2</RiderCode>
            <RiderSA>100000000</RiderSA>
            <RiderPolicyTerm>10</RiderPolicyTerm>
            <RiderPremiumTerm />
            <RiderOption />
          </Rider>
          <Rider>
            <RiderNum />
            <RiderCode>ADB1</RiderCode>
            <RiderSA>100000000</RiderSA>
            <RiderPolicyTerm>10</RiderPolicyTerm>
            <RiderPremiumTerm />
            <RiderOption />
          </Rider>
          <Rider>
            <RiderNum />
            <RiderCode>HSR4</RiderCode>
            <RiderSA />
            <RiderPolicyTerm />
            <RiderPremiumTerm />
            <RiderOption>200</RiderOption>
          </Rider>
          <Rider>
            <RiderNum />
            <RiderCode>HRI1</RiderCode>
            <RiderSA />
            <RiderPolicyTerm />
            <RiderPremiumTerm />
            <RiderOption>AA</RiderOption>
          </Rider>
          <Rider>
            <RiderNum />
            <RiderCode>DSR1</RiderCode>
            <RiderSA />
            <RiderPolicyTerm>10</RiderPolicyTerm>
            <RiderPremiumTerm />
            <RiderOption />
          </Rider>
          <Rider>
            <RiderNum />
            <RiderCode>OPW1</RiderCode>
            <RiderSA />
            <RiderPolicyTerm />
            <RiderPremiumTerm />
            <RiderOption />
          </Rider>
          <Rider>
            <RiderNum />
            <RiderCode>CIR1</RiderCode>
            <RiderSA>100000000</RiderSA>
            <RiderPolicyTerm>10</RiderPolicyTerm>
            <RiderPremiumTerm />
            <RiderOption />
          </Rider>
          <Rider>
            <RiderNum />
            <RiderCode>OPW6</RiderCode>
            <RiderSA />
            <RiderPolicyTerm>10</RiderPolicyTerm>
            <RiderPremiumTerm />
            <RiderOption />
          </Rider>
        </Riders>
      </La>
      <La>
        <Life>03</Life>
        <LaNum>10235362</LaNum>
        <Height>165</Height>
        <Weight>60</Weight>
        <Smoke>S</Smoke>
        <Occrate>1</Occrate>
        <Riders>
          <Rider>
            <RiderNum />
            <RiderCode>ADD2</RiderCode>
            <RiderSA>100000000</RiderSA>
            <RiderPolicyTerm>10</RiderPolicyTerm>
            <RiderPremiumTerm />
            <RiderOption />
          </Rider>
          <Rider>
            <RiderNum />
            <RiderCode>HSR4</RiderCode>
            <RiderSA />
            <RiderPolicyTerm />
            <RiderPremiumTerm />
            <RiderOption>200</RiderOption>
          </Rider>
          <Rider>
            <RiderNum />
            <RiderCode>HRI1</RiderCode>
            <RiderSA />
            <RiderPolicyTerm />
            <RiderPremiumTerm />
            <RiderOption>AA</RiderOption>
          </Rider>
          <Rider>
            <RiderNum />
            <RiderCode>TLR1</RiderCode>
            <RiderSA>100000000</RiderSA>
            <RiderPolicyTerm>10</RiderPolicyTerm>
            <RiderPremiumTerm />
            <RiderOption />
          </Rider>
          <Rider>
            <RiderNum />
            <RiderCode>ADB1</RiderCode>
            <RiderSA>100000000</RiderSA>
            <RiderPolicyTerm>10</RiderPolicyTerm>
            <RiderPremiumTerm />
            <RiderOption />
          </Rider>
          <Rider>
            <RiderNum />
            <RiderCode>CIR1</RiderCode>
            <RiderSA>100000000</RiderSA>
            <RiderPolicyTerm>10</RiderPolicyTerm>
            <RiderPremiumTerm />
            <RiderOption />
          </Rider>
          <Rider>
            <RiderNum />
            <RiderCode>OPW6</RiderCode>
            <RiderSA />
            <RiderPolicyTerm>10</RiderPolicyTerm>
            <RiderPremiumTerm />
            <RiderOption />
          </Rider>
          <Rider>
            <RiderNum />
            <RiderCode>DSR2</RiderCode>
            <RiderSA />
            <RiderPolicyTerm>10</RiderPolicyTerm>
            <RiderPremiumTerm />
            <RiderOption>10</RiderOption>
          </Rider>
          <Rider>
            <RiderNum />
            <RiderCode>OPW3</RiderCode>
            <RiderSA />
            <RiderPolicyTerm />
            <RiderPremiumTerm />
            <RiderOption />
          </Rider>
        </Riders>
      </La>
      <La>
        <Life>04</Life>
        <LaNum>10235489</LaNum>
        <Height>165</Height>
        <Weight>60</Weight>
        <Smoke>S</Smoke>
        <Occrate>1</Occrate>
        <Riders>
          <Rider>
            <RiderNum />
            <RiderCode>ADD5</RiderCode>
            <RiderSA>100000000</RiderSA>
            <RiderPolicyTerm>10</RiderPolicyTerm>
            <RiderPremiumTerm>10</RiderPremiumTerm>
            <RiderOption />
          </Rider>
          <Rider>
            <RiderNum />
            <RiderCode>HSR4</RiderCode>
            <RiderSA />
            <RiderPolicyTerm />
            <RiderPremiumTerm />
            <RiderOption>200</RiderOption>
          </Rider>
          <Rider>
            <RiderNum />
            <RiderCode>HRI1</RiderCode>
            <RiderSA />
            <RiderPolicyTerm />
            <RiderPremiumTerm />
            <RiderOption>AA</RiderOption>
          </Rider>
          <Rider>
            <RiderNum />
            <RiderCode>TLR3</RiderCode>
            <RiderSA>100000000</RiderSA>
            <RiderPolicyTerm>10</RiderPolicyTerm>
            <RiderPremiumTerm />
            <RiderOption />
          </Rider>
          <Rider>
            <RiderNum />
            <RiderCode>KID1</RiderCode>
            <RiderSA>100000000</RiderSA>
            <RiderPolicyTerm>10</RiderPolicyTerm>
            <RiderPremiumTerm />
            <RiderOption />
          </Rider>
        </Riders>
      </La>
    </Las>
  </Proposal>
  <Proposal>
    <ErrorMessage>Duplicate Proposal No.</ErrorMessage>
    <ContractType>EU3</ContractType>
    <PolOwner>10235184</PolOwner>
    <IncomeRange>02</IncomeRange>
    <IncomeAmount />
    <RiskCommDate>25/07/2013</RiskCommDate>
    <PropDate>25/07/2013</PropDate>
    <BillingFrequency>01</BillingFrequency>
    <MethodOfPayment>C</MethodOfPayment>
    <TempRcptNo>12343333</TempRcptNo>
    <TemporaryReceiptDate>25/07/2013</TemporaryReceiptDate>
    <SoldUnit>D02</SoldUnit>
    <PropNum>888555113</PropNum>
    <DespatchAddress>10025082</DespatchAddress>
    <SumAssured>500000000</SumAssured>
    <Option>HSC</Option>
    <PremiumTerm />
    <PolicyTerm>20</PolicyTerm>
    <Agencies>
      <Agency>
        <Number>60000011</Number>
        <Commission>100</Commission>
        <Bonus>100</Bonus>
      </Agency>
    </Agencies>
    <Bens>
      <Ben>
        <Number>10233637</Number>
        <Relationship>CH</Relationship>
        <Rate>100</Rate>
        <EffectiveDate>25/07/2013</EffectiveDate>
      </Ben>
    </Bens>
    <Receipts />
    <Las>
      <La>
        <Life>01</Life>
        <LaNum>10235209</LaNum>
        <Height>165</Height>
        <Weight>60</Weight>
        <Smoke>S</Smoke>
        <Occrate>1</Occrate>
        <Riders>
          <Rider>
            <RiderNum />
            <RiderCode>TLR1</RiderCode>
            <RiderSA>100000000</RiderSA>
            <RiderPolicyTerm>10</RiderPolicyTerm>
            <RiderPremiumTerm />
            <RiderOption />
          </Rider>
          <Rider>
            <RiderNum />
            <RiderCode>ADD2</RiderCode>
            <RiderSA>100000000</RiderSA>
            <RiderPolicyTerm>10</RiderPolicyTerm>
            <RiderPremiumTerm />
            <RiderOption />
          </Rider>
          <Rider>
            <RiderNum />
            <RiderCode>ADB1</RiderCode>
            <RiderSA>100000000</RiderSA>
            <RiderPolicyTerm>10</RiderPolicyTerm>
            <RiderPremiumTerm />
            <RiderOption />
          </Rider>
          <Rider>
            <RiderNum />
            <RiderCode>HSR4</RiderCode>
            <RiderSA />
            <RiderPolicyTerm />
            <RiderPremiumTerm />
            <RiderOption>200</RiderOption>
          </Rider>
          <Rider>
            <RiderNum />
            <RiderCode>HRI1</RiderCode>
            <RiderSA />
            <RiderPolicyTerm />
            <RiderPremiumTerm />
            <RiderOption>AA</RiderOption>
          </Rider>
          <Rider>
            <RiderNum />
            <RiderCode>CIR1</RiderCode>
            <RiderSA>100000000</RiderSA>
            <RiderPolicyTerm>10</RiderPolicyTerm>
            <RiderPremiumTerm />
            <RiderOption />
          </Rider>
          <Rider>
            <RiderNum />
            <RiderCode>OPW6</RiderCode>
            <RiderSA />
            <RiderPolicyTerm>10</RiderPolicyTerm>
            <RiderPremiumTerm />
            <RiderOption />
          </Rider>
        </Riders>
      </La>
      <La>
        <Life>02</Life>
        <LaNum>10235184</LaNum>
        <Height>165</Height>
        <Weight>60</Weight>
        <Smoke>S</Smoke>
        <Occrate>1</Occrate>
        <Riders>
          <Rider>
            <RiderNum />
            <RiderCode>TLR1</RiderCode>
            <RiderSA>100000000</RiderSA>
            <RiderPolicyTerm>10</RiderPolicyTerm>
            <RiderPremiumTerm />
            <RiderOption />
          </Rider>
          <Rider>
            <RiderNum />
            <RiderCode>ADD2</RiderCode>
            <RiderSA>100000000</RiderSA>
            <RiderPolicyTerm>10</RiderPolicyTerm>
            <RiderPremiumTerm />
            <RiderOption />
          </Rider>
          <Rider>
            <RiderNum />
            <RiderCode>ADB1</RiderCode>
            <RiderSA>100000000</RiderSA>
            <RiderPolicyTerm>10</RiderPolicyTerm>
            <RiderPremiumTerm />
            <RiderOption />
          </Rider>
          <Rider>
            <RiderNum />
            <RiderCode>HSR4</RiderCode>
            <RiderSA />
            <RiderPolicyTerm />
            <RiderPremiumTerm />
            <RiderOption>200</RiderOption>
          </Rider>
          <Rider>
            <RiderNum />
            <RiderCode>HRI1</RiderCode>
            <RiderSA />
            <RiderPolicyTerm />
            <RiderPremiumTerm />
            <RiderOption>AA</RiderOption>
          </Rider>
          <Rider>
            <RiderNum />
            <RiderCode>DSR2</RiderCode>
            <RiderSA />
            <RiderPolicyTerm>10</RiderPolicyTerm>
            <RiderPremiumTerm />
            <RiderOption>10</RiderOption>
          </Rider>
          <Rider>
            <RiderNum />
            <RiderCode>OPW3</RiderCode>
            <RiderSA />
            <RiderPolicyTerm />
            <RiderPremiumTerm />
            <RiderOption />
          </Rider>
          <Rider>
            <RiderNum />
            <RiderCode>CIR1</RiderCode>
            <RiderSA>100000000</RiderSA>
            <RiderPolicyTerm>10</RiderPolicyTerm>
            <RiderPremiumTerm />
            <RiderOption />
          </Rider>
          <Rider>
            <RiderNum />
            <RiderCode>OPW6</RiderCode>
            <RiderSA />
            <RiderPolicyTerm>10</RiderPolicyTerm>
            <RiderPremiumTerm />
            <RiderOption />
          </Rider>
        </Riders>
      </La>
      <La>
        <Life>03</Life>
        <LaNum>10235237</LaNum>
        <Height>165</Height>
        <Weight>60</Weight>
        <Smoke>S</Smoke>
        <Occrate>1</Occrate>
        <Riders>
          <Rider>
            <RiderNum />
            <RiderCode>ADD2</RiderCode>
            <RiderSA>100000000</RiderSA>
            <RiderPolicyTerm>10</RiderPolicyTerm>
            <RiderPremiumTerm />
            <RiderOption />
          </Rider>
          <Rider>
            <RiderNum />
            <RiderCode>HSR4</RiderCode>
            <RiderSA />
            <RiderPolicyTerm />
            <RiderPremiumTerm />
            <RiderOption>200</RiderOption>
          </Rider>
          <Rider>
            <RiderNum />
            <RiderCode>TLR3</RiderCode>
            <RiderSA>100000000</RiderSA>
            <RiderPolicyTerm>10</RiderPolicyTerm>
            <RiderPremiumTerm />
            <RiderOption />
          </Rider>
          <Rider>
            <RiderNum />
            <RiderCode>KID4</RiderCode>
            <RiderSA>100000000</RiderSA>
            <RiderPolicyTerm>10</RiderPolicyTerm>
            <RiderPremiumTerm />
            <RiderOption />
          </Rider>
        </Riders>
      </La>
      <La>
        <Life>03</Life>
        <LaNum>10235246</LaNum>
        <Height>165</Height>
        <Weight>60</Weight>
        <Smoke>S</Smoke>
        <Occrate>1</Occrate>
        <Riders>
          <Rider>
            <RiderNum />
            <RiderCode>ADD2</RiderCode>
            <RiderSA>100000000</RiderSA>
            <RiderPolicyTerm>10</RiderPolicyTerm>
            <RiderPremiumTerm />
            <RiderOption />
          </Rider>
          <Rider>
            <RiderNum />
            <RiderCode>HSR4</RiderCode>
            <RiderSA />
            <RiderPolicyTerm />
            <RiderPremiumTerm />
            <RiderOption>200</RiderOption>
          </Rider>
          <Rider>
            <RiderNum />
            <RiderCode>TLR3</RiderCode>
            <RiderSA>100000000</RiderSA>
            <RiderPolicyTerm>10</RiderPolicyTerm>
            <RiderPremiumTerm />
            <RiderOption />
          </Rider>
          <Rider>
            <RiderNum />
            <RiderCode>KID4</RiderCode>
            <RiderSA>100000000</RiderSA>
            <RiderPolicyTerm>10</RiderPolicyTerm>
            <RiderPremiumTerm />
            <RiderOption />
          </Rider>
        </Riders>
      </La>
    </Las>
  </Proposal>
</Proposals>