﻿<?xml version="1.0" encoding="utf-8"?>
<Proposals>
  <Proposal>
    <PropNum>6333231500</PropNum>
    <ContractType>EU3</ContractType>
    <PolOwner>51716789</PolOwner>
    <IncomeRange>01</IncomeRange>
    <IncomeAmount>1231231</IncomeAmount>
    <RiskCommDate>02/09/2012</RiskCommDate>
    <PropDate>02/09/2012</PropDate>
    <BillingFrequency>01</BillingFrequency>
    <MethodOfPayment>C</MethodOfPayment>
    <TempRcptNo>72323335</TempRcptNo>
    <TemporaryReceiptDate>02/09/2012</TemporaryReceiptDate>
    <SoldUnit>GEQ</SoldUnit>
    <Agency>60000069</Agency>
    <DespatchAddress>55882334</DespatchAddress>
    <SumAssured>200000000</SumAssured>
    <Option>HSC</Option>
    <PremiumTerm></PremiumTerm>
    <PolicyTerm>10</PolicyTerm>
    <!--Risk ccess Term-->
    <MortalityClass>N</MortalityClass>
    <Agencies>
      <Agency>
        <Number>60000069</Number>
        <Commission>100</Commission>
        <Bonus>100</Bonus>
      </Agency>
    </Agencies>
    <Bens>
      <Ben>
        <Number>57278249</Number>
        <Relationship>CH</Relationship>
        <Rate>100</Rate>
        <EffectiveDate>12/12/2013</EffectiveDate>
      </Ben>
    </Bens>
    <Receipts>
      <!--<Receipt>
        <ReceiptNum>02829773</ReceiptNum>
      </Receipt>-->
    </Receipts>
    <Las>
      <La>
        <Life>01</Life>
        <LaNum>51716789</LaNum>
        <Height>160</Height>
        <Weight>60</Weight>
        <Smoke>S</Smoke>
        <Occrate>1</Occrate>
        <Riders>
          <Rider>
            <RiderNum>01</RiderNum>
            <RiderCode>ADD2</RiderCode>
            <RiderSA>100000000</RiderSA>
            <RiderPolicyTerm>5</RiderPolicyTerm>
            <RiderPremiumTerm></RiderPremiumTerm>
            <RiderOption></RiderOption>
            <RiderRate></RiderRate>
            <RiderMortalityClass>1</RiderMortalityClass>
          </Rider>
          <Rider>
            <RiderNum>02</RiderNum>
            <RiderCode>OPW6</RiderCode>
            <RiderSA></RiderSA>
            <RiderPolicyTerm>5</RiderPolicyTerm>
            <RiderPremiumTerm></RiderPremiumTerm>
            <RiderOption></RiderOption>
            <RiderRate></RiderRate>
            <RiderMortalityClass></RiderMortalityClass>
          </Rider>
          <Rider>
            <RiderNum>03</RiderNum>
            <RiderCode>ADB1</RiderCode>
            <RiderSA>100000000</RiderSA>
            <RiderPolicyTerm>5</RiderPolicyTerm>
            <RiderPremiumTerm></RiderPremiumTerm>
            <RiderOption></RiderOption>
            <RiderRate></RiderRate>
            <RiderMortalityClass>1</RiderMortalityClass>
          </Rider>
          <Rider>
            <RiderNum>04</RiderNum>
            <RiderCode>CIR1</RiderCode>
            <RiderSA>100000000</RiderSA>
            <RiderPolicyTerm>5</RiderPolicyTerm>
            <RiderPremiumTerm></RiderPremiumTerm>
            <RiderOption></RiderOption>
            <RiderRate></RiderRate>
            <RiderMortalityClass></RiderMortalityClass>
          </Rider>
          <!--<Rider>
            <RiderNum>05</RiderNum>
            <RiderCode>HSR4</RiderCode>
            <RiderSA></RiderSA>
            <RiderPolicyTerm></RiderPolicyTerm>
            <RiderPremiumTerm></RiderPremiumTerm>
            <RiderOption>200</RiderOption>
            <RiderRate></RiderRate>
            <RiderMortalityClass>1</RiderMortalityClass>
          </Rider>
          <Rider>
            <RiderNum>06</RiderNum>
            <RiderCode>HRI1</RiderCode>
            <RiderSA></RiderSA>
            <RiderPolicyTerm></RiderPolicyTerm>
            <RiderPremiumTerm></RiderPremiumTerm>
            <RiderOption>AA</RiderOption>
            <RiderRate></RiderRate>
            <RiderMortalityClass>1</RiderMortalityClass>
          </Rider>
          <Rider>
            <RiderNum>07</RiderNum>
            <RiderCode>TLR1</RiderCode>
            <RiderSA>100000000</RiderSA>
            <RiderPolicyTerm>5</RiderPolicyTerm>
            <RiderPremiumTerm></RiderPremiumTerm>
            <RiderOption></RiderOption>
            <RiderRate></RiderRate>
            <RiderMortalityClass></RiderMortalityClass>
          </Rider>-->
        </Riders>
      </La>
      <La>
        <Life>02</Life>
        <LaNum>17312019</LaNum>
        <Height>160</Height>
        <Weight>60</Weight>
        <Smoke>S</Smoke>
        <Occrate>1</Occrate>
        <Riders>
          <Rider>
            <RiderNum>01</RiderNum>
            <RiderCode>ADD2</RiderCode>
            <RiderSA>100000000</RiderSA>
            <RiderPolicyTerm>5</RiderPolicyTerm>
            <RiderPremiumTerm></RiderPremiumTerm>
            <RiderOption></RiderOption>
            <RiderRate></RiderRate>
            <RiderMortalityClass>1</RiderMortalityClass>
          </Rider>
          <Rider>
            <RiderNum>02</RiderNum>
            <RiderCode>ADB1</RiderCode>
            <RiderSA>100000000</RiderSA>
            <RiderPolicyTerm>5</RiderPolicyTerm>
            <RiderPremiumTerm></RiderPremiumTerm>
            <RiderOption></RiderOption>
            <RiderRate></RiderRate>
            <RiderMortalityClass>1</RiderMortalityClass>
          </Rider>
          <!--<Rider>
            <RiderNum>03</RiderNum>
            <RiderCode>HSR4</RiderCode>
            <RiderSA></RiderSA>
            <RiderPolicyTerm></RiderPolicyTerm>
            <RiderPremiumTerm></RiderPremiumTerm>
            <RiderOption>200</RiderOption>
            <RiderRate></RiderRate>
            <RiderMortalityClass>1</RiderMortalityClass>
          </Rider>
          <Rider>
            <RiderNum>04</RiderNum>
            <RiderCode>HRI1</RiderCode>
            <RiderSA></RiderSA>
            <RiderPolicyTerm></RiderPolicyTerm>
            <RiderPremiumTerm></RiderPremiumTerm>
            <RiderOption>AA</RiderOption>
            <RiderRate></RiderRate>
            <RiderMortalityClass>1</RiderMortalityClass>
          </Rider>-->
          <Rider>
            <RiderNum>05</RiderNum>
            <RiderCode>OPW3</RiderCode>
            <RiderSA></RiderSA>
            <RiderPolicyTerm></RiderPolicyTerm>
            <RiderPremiumTerm></RiderPremiumTerm>
            <RiderOption></RiderOption>
            <RiderRate></RiderRate>
            <RiderMortalityClass></RiderMortalityClass>
          </Rider>
          <Rider>
            <RiderNum>06</RiderNum>
            <RiderCode>DSR2</RiderCode>
            <RiderSA></RiderSA>
            <RiderPolicyTerm>5</RiderPolicyTerm>
            <RiderPremiumTerm></RiderPremiumTerm>
            <RiderOption>10</RiderOption>
            <RiderRate></RiderRate>
            <RiderMortalityClass>1</RiderMortalityClass>
          </Rider>
          <Rider>
            <RiderNum>07</RiderNum>
            <RiderCode>CIR1</RiderCode>
            <RiderSA>100000000</RiderSA>
            <RiderPolicyTerm>5</RiderPolicyTerm>
            <RiderPremiumTerm></RiderPremiumTerm>
            <RiderOption></RiderOption>
            <RiderRate></RiderRate>
            <RiderMortalityClass></RiderMortalityClass>
          </Rider>
          <Rider>
            <RiderNum>08</RiderNum>
            <RiderCode>OPW6</RiderCode>
            <RiderSA></RiderSA>
            <RiderPolicyTerm>5</RiderPolicyTerm>
            <RiderPremiumTerm></RiderPremiumTerm>
            <RiderOption></RiderOption>
            <RiderRate></RiderRate>
            <RiderMortalityClass></RiderMortalityClass>
          </Rider>
          <Rider>
            <RiderNum>09</RiderNum>
            <RiderCode>TLR1</RiderCode>
            <RiderSA>100000000</RiderSA>
            <RiderPolicyTerm>5</RiderPolicyTerm>
            <RiderPremiumTerm></RiderPremiumTerm>
            <RiderOption></RiderOption>
            <RiderRate></RiderRate>
            <RiderMortalityClass></RiderMortalityClass>
          </Rider>
        </Riders>
      </La>
      <La>
        <Life>03</Life>
        <LaNum>52645212</LaNum>
        <Height>160</Height>
        <Weight>60</Weight>
        <Smoke>S</Smoke>
        <Occrate>1</Occrate>
        <Riders>
          <Rider>
            <RiderNum>01</RiderNum>
            <RiderCode>TLR3</RiderCode>
            <RiderSA>100000000</RiderSA>
            <RiderPolicyTerm>5</RiderPolicyTerm>
            <RiderPremiumTerm></RiderPremiumTerm>
            <RiderOption></RiderOption>
            <RiderRate></RiderRate>
            <RiderMortalityClass>1</RiderMortalityClass>
          </Rider>
        </Riders>
      </La>
      <!--<La>
        <Life>04</Life>
        <LaNum>55532307</LaNum>
        <Height>160</Height>
        <Weight>60</Weight>
        <Smoke>S</Smoke>
        <Occrate>1</Occrate>
        <Riders>
          <Rider>
            <RiderNum>01</RiderNum>
            <RiderCode>KID4</RiderCode>
            <RiderSA>100000000</RiderSA>
            <RiderPolicyTerm>10</RiderPolicyTerm>
            <RiderPremiumTerm></RiderPremiumTerm>
            <RiderOption></RiderOption>
            <RiderRate></RiderRate>
            <RiderMortalityClass>1</RiderMortalityClass>
          </Rider>
          <Rider>
            <RiderNum>02</RiderNum>
            <RiderCode>KID5</RiderCode>
            <RiderSA>100000000</RiderSA>
            <RiderPolicyTerm>10</RiderPolicyTerm>
            <RiderPremiumTerm></RiderPremiumTerm>
            <RiderOption></RiderOption>
            <RiderRate></RiderRate>
            <RiderMortalityClass>1</RiderMortalityClass>
          </Rider>
          <Rider>
            <RiderNum>03</RiderNum>
            <RiderCode>KID6</RiderCode>
            <RiderSA>100000000</RiderSA>
            <RiderPolicyTerm>10</RiderPolicyTerm>
            <RiderPremiumTerm></RiderPremiumTerm>
            <RiderOption></RiderOption>
            <RiderRate></RiderRate>
            <RiderMortalityClass>1</RiderMortalityClass>
          </Rider>
        </Riders>
      </La>-->
    </Las>
  </Proposal>
</Proposals>