<?xml version="1.0" encoding="utf-8"?>
<Proposals>
	<Proposal>
		<ContractType>VL2</ContractType>
		<PolOwner>10153628</PolOwner>
		<IncomeRange>05</IncomeRange>
		<IncomeAmount>20012013</IncomeAmount>
		<RiskCommDate>14/06/2014</RiskCommDate>
		<PropDate>14/06/2014</PropDate>
		<BillingFrequency>01</BillingFrequency>
		<MethodOfPayment>C</MethodOfPayment>
		<TempRcptNo>12343333</TempRcptNo>
		<TemporaryReceiptDate>14/06/2014</TemporaryReceiptDate>
		<SoldUnit>D02</SoldUnit>
		<PropNum>1230565657</PropNum>
		<DespatchAddress>10025064</DespatchAddress>
		<SumAssured>500000000</SumAssured>
		<Option>OPT1</Option> 
		<PremiumTerm>10</PremiumTerm>
		<PolicyTerm>10</PolicyTerm>
		<Agencies>
		  <Agency>
			<Number>60000011</Number>
			<Commission>100</Commission>
			<Bonus>100</Bonus>
		  </Agency>
		</Agencies>
		<Bens>
		  <Ben>
			<Number>10025064</Number>
			<Relationship>CH</Relationship>
			<Rate>100</Rate>
			<EffectiveDate>14/06/2014</EffectiveDate>
		  </Ben>
		</Bens>
		<Receipts>
		  <!--<ReceiptNum>00016407</ReceiptNum>-->	  
		</Receipts>
		<Las>
			<La>  	<!-- Life 01 -->  
				<Life>01</Life>   
				<LaNum>10153628</LaNum>
				<Height>160</Height>  
				<Weight>60</Weight>
				<Occrate>1</Occrate>
				<Smoke>N</Smoke>
				<Riders>
          <!--<Rider>
            <RiderNum>01</RiderNum>
            <RiderCode>ADD2</RiderCode>
            <RiderSA>100000000</RiderSA>
            <RiderPolicyTerm>10</RiderPolicyTerm>
            <RiderPremiumTerm></RiderPremiumTerm>
            <RiderOption></RiderOption>
          </Rider>

          <Rider>
            <RiderNum>02</RiderNum>
            <RiderCode>TLR4</RiderCode>
            <RiderSA>100000000</RiderSA>
            <RiderPolicyTerm>10</RiderPolicyTerm>
            <RiderPremiumTerm>5</RiderPremiumTerm>
            <RiderOption></RiderOption>
            <RiderRate></RiderRate>
          </Rider>-->
				</Riders>
			</La>
			<La>	<!-- Life 02 -->
				<Life>02</Life>
				<LaNum>10165749</LaNum>
				<Height>160</Height>  
				<Weight>60</Weight>
				<Occrate>1</Occrate>
				<Smoke>S</Smoke>
				<Riders> 
					<Rider>						
						<RiderNum></RiderNum>
						<RiderCode>OPW1</RiderCode>
						<RiderSA></RiderSA>
						<RiderPolicyTerm></RiderPolicyTerm>
						<RiderPremiumTerm></RiderPremiumTerm>
						<RiderOption></RiderOption>
					</Rider>

          <!--<Rider>
            <RiderNum>01</RiderNum>
            <RiderCode>TLR3</RiderCode>
            <RiderSA>500000000</RiderSA>
            <RiderPolicyTerm>85</RiderPolicyTerm>
            <RiderPremiumTerm></RiderPremiumTerm>
            <RiderOption></RiderOption>
            <RiderRate></RiderRate>
            <RiderMortalityClass>1</RiderMortalityClass>
          </Rider>-->

          <Rider>
            <RiderNum>07</RiderNum>
            <RiderCode>TLR1</RiderCode>
            <RiderSA>90000000</RiderSA>
            <RiderPolicyTerm>10</RiderPolicyTerm>
            <RiderPremiumTerm></RiderPremiumTerm>
            <RiderOption></RiderOption>
          </Rider>
          <Rider>
            <RiderNum>02</RiderNum>
            <RiderCode>ADB1</RiderCode>
            <RiderSA>10000000</RiderSA>
            <RiderPolicyTerm>10</RiderPolicyTerm>
            <RiderPremiumTerm></RiderPremiumTerm>
            <RiderOption></RiderOption>
          </Rider>
          <Rider>
            <RiderNum>03</RiderNum>
            <RiderCode>ADD2</RiderCode>
            <RiderSA>10000000</RiderSA>
            <RiderPolicyTerm>10</RiderPolicyTerm>
            <RiderPremiumTerm></RiderPremiumTerm>
            <RiderOption></RiderOption>
          </Rider>
          <Rider>
            <RiderNum></RiderNum>
            <RiderCode>HSR4</RiderCode>
            <RiderSA></RiderSA>
            <RiderPolicyTerm></RiderPolicyTerm>
            <RiderPremiumTerm></RiderPremiumTerm>
            <RiderOption>200</RiderOption>
          </Rider>

          <Rider>
            <RiderNum></RiderNum>
            <RiderCode>CIR1</RiderCode>
            <RiderSA>100000000</RiderSA>
            <RiderPolicyTerm>10</RiderPolicyTerm>
            <RiderPremiumTerm></RiderPremiumTerm>
            <RiderOption></RiderOption>
          </Rider>
          <Rider>
            <RiderNum></RiderNum>
            <RiderCode>DSR1</RiderCode>
            <RiderSA></RiderSA>
            <RiderPolicyTerm>10</RiderPolicyTerm>
            <RiderPremiumTerm></RiderPremiumTerm>
            <RiderOption></RiderOption>
          </Rider>

          <Rider>
            <RiderNum></RiderNum>
            <RiderCode>DSR2</RiderCode>
            <RiderSA></RiderSA>
            <RiderPolicyTerm>10</RiderPolicyTerm>
            <RiderPremiumTerm></RiderPremiumTerm>
            <RiderOption>10</RiderOption>
          </Rider>
          <Rider>
            <RiderNum></RiderNum>
            <RiderCode>OPW3</RiderCode>
            <RiderSA></RiderSA>
            <RiderPolicyTerm></RiderPolicyTerm>
            <RiderPremiumTerm></RiderPremiumTerm>
            <RiderOption></RiderOption>
          </Rider>
				</Riders>
			</La>
		</Las>
		<ErrorMessage> </ErrorMessage>
	</Proposal>
</Proposals>